No,Urls,Video Name,View,Like,Comm,published_date,duration,minute,type,Engagement Rate,AVG View Duration,Views to Likes Ratio
1,https://www.youtube.com/watch?v=nmPE1z6b19U,เราต้องห่างกันซักพัก |【 Enshrouded 】EP.5 (จบ พักเบรค),104,16,0,2026-06-13,2:22:17,142.28,เล่นเกม,0.1538461538,0.04,6.5
2,https://www.youtube.com/watch?v=3tmeY_agjg8,วันแก้แค้น เจ้าแย้บิน |【 Enshrouded 】EP.4,127,16,1,2026-06-07,1:43:54,103.90,เล่นเกม,0.1338582677,0.03,7.9375
3,https://www.youtube.com/watch?v=hEngOT7hed4,ไลฟ์บ่าย ในรอบ ศตวรรษ ..,212,36,0,2026-06-03,1:05:08,65.13,ฟรีทอร์ก,0.1698113208,0.02,5.888888889
4,https://www.youtube.com/watch?v=QyXc4mbvhwM,ผู้พิทักษ์ แห่งต้นไม้ |【 Ai Limit 】(EP.6),96,16,0,2026-05-30,2:28:44,148.73,เล่นเกม,0.1666666667,0.05,6
5,https://www.youtube.com/watch?v=SWkiarMTEG0,เล่าเรื่องชีวิต.. เพลินๆ,143,17,0,2026-05-30,1:08:23,68.38,ฟรีทอร์ก,0.1188811189,0.02,8.411764706
6,https://www.youtube.com/watch?v=G9vmlBWhMJI,นักล่าโครตมังกร |【 Enshrouded 】EP.3,122,18,1,2026-05-23,2:35:10,155.17,เล่นเกม,0.1557377049,0.05,6.777777778
7,https://www.youtube.com/watch?v=h7Et445CVEc,คุยอะไร ไม่รู้ .. รู้ แต่ไม่รู้,288,22,0,2026-05-23,1:16:50,76.83,ฟรีทอร์ก,0.07638888889,0.02,13.09090909
8,https://www.youtube.com/watch?v=ZIhtT6t5GZk,ก็มาดิ เจ๊แดงแรงฤทธิ์ |【 Ai Limit 】(EP.5),719,27,0,2026-05-18,3:31:52,211.87,เล่นเกม,0.03755215577,0.07,26.62962963
9,https://www.youtube.com/watch?v=fRmKX71SjeE,ใคร ที่ยืนข้างเตียง |【 เล่าเรื่องผี EP.28 】ประสบการณ์ที่น่ากลัวอันดับ 1 ในชีวิตของมารีน,218,20,1,2026-05-18,1:09:52,69.87,เล่าเรื่องผี,0.09633027523,0.02,10.9
10,https://www.youtube.com/watch?v=xSbtpxEL9_0,มินีมารีน ถาม - ตอบ สารพัด,148,24,1,2026-05-09,1:08:17,68.28,ฟรีทอร์ก,0.1689189189,0.02,6.166666667
11,https://www.youtube.com/watch?v=D19LhRUA0a0,ชายผู้แบกโล่ มาถูกกระทืบ |【 DOOM : Eternal 】(EP.4),92,14,0,2026-05-07,1:42:36,102.60,เล่นเกม,0.152173913,0.03,6.571428571
12,https://www.youtube.com/watch?v=bjVXkg70sVE,วิถีของนักผจญภัย |【 Enshrouded 】EP.2,148,19,0,2026-05-04,2:57:50,177.83,เล่นเกม,0.1283783784,0.06,7.789473684
13,https://www.youtube.com/watch?v=C-az0O9i-PQ,ช่ำระดับนี้ พี่ขอบาย |【 Ai Limit 】(EP.4),133,25,0,2026-05-02,3:38:00,218.00,เล่นเกม,0.1879699248,0.07,5.32
14,https://www.youtube.com/watch?v=iVAvLaHr4yE,คุย เรื่องเนื้อเพลง,70,16,0,2026-05-02,1:02:59,62.98,ฟรีทอร์ก,0.2285714286,0.02,4.375
15,https://www.youtube.com/watch?v=VweVeHSg-Jg,MYSTERY LIVE EP.3,114,19,1,2026-04-22,1:12:36,72.60,เล่าเรื่องผี,0.1754385965,0.02,6
16,https://www.youtube.com/watch?v=UXVxSuFIbyA,จุดเริ่มต้น นักไถฟาร์ม  |【 Enshrouded 】EP.1,406,34,0,2026-04-20,3:08:29,188.48,เล่นเกม,0.08374384236,0.06,11.94117647
17,https://www.youtube.com/watch?v=qoY59hu8Wy4,เคียวนี้ ขอข้าเถิด |【 Ai Limit 】(EP.3),110,20,0,2026-04-18,2:22:29,142.48,เล่นเกม,0.1818181818,0.04,5.5
18,https://www.youtube.com/watch?v=ygpsYtVPI38,หัวข้อ ที่ไม่มีหัวข้อ,91,13,1,2026-04-18,1:10:18,70.30,ฟรีทอร์ก,0.1538461538,0.02,7
19,https://www.youtube.com/watch?v=Bhz82B6thNo,เพื่อนรัก เพื่อนตาย |【 DOOM : Eternal 】(EP.3),242,29,0,2026-04-15,2:24:14,144.23,เล่นเกม,0.1198347107,0.05,8.344827586
20,https://www.youtube.com/watch?v=Bw1UUDmD1kk,หน้าร้อน ร้อนไหมล่ะ,122,26,0,2026-04-13,2:03:40,123.67,ฟรีทอร์ก,0.2131147541,0.04,4.692307692
21,https://www.youtube.com/watch?v=DPuce0Zg6iI,โอ้ว..แม่ ชีวภาพ |【 Ai Limit 】(EP.2),92,25,0,2026-04-11,2:40:35,160.58,เล่นเกม,0.2717391304,0.05,3.68
22,https://www.youtube.com/watch?v=fQBbwruclyE,กระจกปริศนา ในโรงแรม |【 เล่าเรื่องผี EP.27 】,80,19,1,2026-04-11,1:31:15,91.25,เล่าเรื่องผี,0.25,0.03,4.210526316
23,https://www.youtube.com/watch?v=vxT-T4e4f_k,อย่าไปสน อย่าไป Sad |【 DOOM : Eternal 】(EP.2),135,27,1,2026-04-06,2:16:31,136.52,เล่นเกม,0.2074074074,0.04,5
24,https://www.youtube.com/watch?v=AY9nkZBHNUg,สุดขีด เอไอ |【 Ai Limit 】(EP.1),104,24,1,2026-04-04,2:10:34,130.57,เล่นเกม,0.2403846154,0.04,4.333333333
25,https://www.youtube.com/watch?v=6ExE8pfFI6Q,เตรียมตัว Original Song ต่อไป,77,19,0,2026-04-04,1:18:01,78.02,ร้องเพลง,0.2467532468,0.02,4.052631579
26,https://www.youtube.com/watch?v=ZgsYBMekEcs,นาที ที่โลกหยุดหมุน ( Frozen in time ) - Marine Chariot | Original Song Valentine 2026,414,38,11,2026-04-01,0:04:15,4.25,ร้องเพลง,0.1183574879,0,10.89473684
27,https://www.youtube.com/watch?v=AymOSCA-Xqs,นาที ที่โลกหยุดหมุน - Marine Chariot (Official Teaser) | Original Song Valentine 2026,198,21,4,2026-03-31,0:00:41,0.68,ร้องเพลง,0.1262626263,0,9.428571429
28,https://www.youtube.com/watch?v=gIkun-lRgfs,เจตจำนงค์แห่งผีเสื้อ |【Wildhearts】(EP.5) จบ,114,21,2,2026-03-29,3:00:51,180.85,เล่นเกม,0.201754386,0.06,5.428571429
29,https://www.youtube.com/watch?v=SOIdrngevwk,สิ้นสุดโลกเน่าเปื่อย  |【 State of decay 2 】EP.4 (จบ),133,21,0,2026-03-28,1:39:47,99.78,เล่นเกม,0.1578947368,0.03,6.333333333
30,https://www.youtube.com/watch?v=v6hFfX3oc08,อยากเล่นเกม แต่ไหวแค่คุย,182,23,0,2026-03-16,0:32:24,32.40,ฟรีทอร์ก,0.1263736264,0.01,7.913043478
31,https://www.youtube.com/watch?v=xpTg11oIGhU,มาคุยกันให้หายคิดถึง | Freetalk,152,27,1,2026-03-07,1:04:31,64.52,ฟรีทอร์ก,0.1842105263,0.02,5.62962963
32,https://www.youtube.com/watch?v=v7U_-MIlTk4,นิยาม .. ของคำว่า คุณภาพ,150,25,2,2026-02-14,1:19:54,79.90,ฟรีทอร์ก,0.18,0.02,6
33,https://www.youtube.com/watch?v=Sv3j7ehoY4k,ตรอกทางเดินเก่า ๆ |【 เล่าเรื่องผี EP.26 】,101,20,2,2026-02-07,1:15:21,75.35,เล่าเรื่องผี,0.2178217822,0.02,5.05
34,https://www.youtube.com/watch?v=ddVe-0CVy6g,คุณหนู ... หายดีหรือยัง ?,138,23,2,2026-02-01,1:12:15,72.25,ฟรีทอร์ก,0.1811594203,0.02,6
35,https://www.youtube.com/watch?v=h34YklM6TFk,แจ้งสถานะการณ์ กำหนดการณ์ปี 2029,139,30,4,2026-01-25,1:25:44,85.73,ประกาศ/อีเวนต์,0.2446043165,0.03,4.633333333
36,https://www.youtube.com/watch?v=geV8D89xXBI,คุยกัน กับ คุณหนู,199,30,2,2026-01-17,1:03:15,63.25,ฟรีทอร์ก,0.1608040201,0.02,6.633333333
37,https://www.youtube.com/watch?v=4nJchqym1sQ,ไลฟ์แรกปี 2026,173,33,7,2026-01-04,0:52:23,52.38,ฟรีทอร์ก,0.2312138728,0.02,5.242424242
38,https://www.youtube.com/watch?v=GEWUqiEux2I,แสงของผีเสื้อวันใหม่ - 黎明の蝶の光 (New Day Butterfly&#39;s Glow)【Original song &amp; Lyrics 】2025 END,303,38,14,2025-12-31,0:03:18,3.30,ร้องเพลง,0.1716171617,0,7.973684211
39,https://www.youtube.com/watch?v=rj05R3iq7b4,คริสมาสต์ของยีน / Yeen&#39;Christmas &amp; [NEW Original song],130,30,0,2025-12-26,1:04:44,64.73,ร้องเพลง,0.2307692308,0.02,4.333333333
40,https://www.youtube.com/watch?v=kmyqgyAKYa4,Yeen&#39;Christmas - คริสมาสต์ของยีน【Original song &amp; Lyrics】,296,34,14,2025-12-25,0:03:56,3.93,ร้องเพลง,0.1621621622,0,8.705882353
41,https://www.youtube.com/watch?v=RwT7v7gzejw,ใจดำ เสียยิ่งกระไร  |【 State of decay 2 】EP.3,200,20,2,2025-12-12,2:06:15,126.25,เล่นเกม,0.11,0.04,10
42,https://www.youtube.com/watch?v=TSR-BOjxgAU,สารพัด หัวข้อ แนวคิด / แจ้งข่าวดีของปี 2026,143,24,1,2025-12-12,1:48:25,108.42,ประกาศ/อีเวนต์,0.1748251748,0.03,5.958333333
43,https://www.youtube.com/watch?v=7tjQwjQP5gs,อิ่ม จนต้องไประบาย  |【 State of decay 2 】EP.2,498,34,2,2025-12-06,2:43:18,163.30,เล่นเกม,0.07228915663,0.05,14.64705882
44,https://www.youtube.com/watch?v=W5VdX2jH3jA,ฉีกสะบั้นให้ขาด |【 DOOM : Eternal 】(EP.1),205,28,0,2025-11-29,2:57:07,177.12,เล่นเกม,0.1365853659,0.06,7.321428571
45,https://www.youtube.com/watch?v=4D6N5lL8Fv8,สภาวะเสื่อมโทรม ที่อิ่มมาก  |【 State of decay 2 】EP.1,268,25,0,2025-11-28,2:46:29,166.48,เล่นเกม,0.09328358209,0.05,10.72
46,https://www.youtube.com/watch?v=OAP5Wa14fLI,บ้านญี่ปุ่นมือ 2 |  [เล่าเรื่องผี EP.25],86,19,3,2025-11-28,1:15:56,75.93,เล่าเรื่องผี,0.2558139535,0.02,4.526315789
47,https://www.youtube.com/watch?v=uvE57TmRtXg,กายจาก หัวใจคงอยู่  |【Atomic heart DLC 3】Enchantment under the sea,127,18,0,2025-11-22,4:21:44,261.73,เล่นเกม,0.1417322835,0.08,7.055555556
48,https://www.youtube.com/watch?v=qv4hp-czj9U,ตามหาห่าน ทุกชาติไป |【Wildhearts】(EP.4),90,12,0,2025-11-21,2:31:41,151.68,เล่นเกม,0.1333333333,0.05,7.5
49,https://www.youtube.com/watch?v=C19HUF0wWJg,ข้าง กอง ไฟ,101,24,0,2025-11-21,1:25:16,85.27,ฟรีทอร์ก,0.2376237624,0.03,4.208333333
50,https://www.youtube.com/watch?v=RzIrzqnNSKg,ทุกสายตา จับจ้องใจ  |【Atomic heart DLC 1】Annihilation instinct,145,20,0,2025-11-08,4:17:25,257.42,เล่นเกม,0.1379310345,0.08,7.25
51,https://www.youtube.com/watch?v=z_woWaIJxNY,มารีน ในปี 2026,230,25,1,2025-11-07,1:36:44,96.73,ฟรีทอร์ก,0.1130434783,0.03,9.2
52,https://www.youtube.com/watch?v=ge1A20pDSsY,หิวไก่ |【Wildhearts】(EP.3),132,16,4,2025-11-01,3:07:00,187.00,เล่นเกม,0.1515151515,0.06,8.25
53,https://www.youtube.com/watch?v=iuLnKTC_Y1Y,ปล่อยผี ปีนี้ มีอะไร ? | HALLOWEEN LIVE 2025,97,30,0,2025-11-01,1:41:58,101.97,เล่าเรื่องผี,0.3092783505,0.03,3.233333333
54,https://www.youtube.com/watch?v=E383dwQi9b8,คุณหนูยีน จอมเหนื่อย,130,21,2,2025-10-25,1:28:07,88.12,ฟรีทอร์ก,0.1769230769,0.03,6.19047619
55,https://www.youtube.com/watch?v=t3F6QTtQRmE,เกาะเบาะล่าตัวไร |【 Duo Game Live EP.1 】Dead frontier 2,165,20,1,2025-10-24,1:59:14,119.23,เล่นเกม,0.1272727273,0.04,8.25
56,https://www.youtube.com/watch?v=XZh3l-L1xOI,ยักษ์ใหญ่ ใจตูมตาม |【Wildhearts】(EP.2),121,17,1,2025-10-18,2:42:57,162.95,เล่นเกม,0.1487603306,0.05,7.117647059
57,https://www.youtube.com/watch?v=0JF-tZQ1DQQ,แจงเรื่อง หัวข้อ สำคัญๆ,247,27,0,2025-10-18,1:42:13,102.22,ฟรีทอร์ก,0.1093117409,0.03,9.148148148
58,https://www.youtube.com/watch?v=XrP7bIuPkYs,คู่หู นักล่าอสูร |【Wildhearts】(EP.1),176,21,0,2025-10-11,3:13:30,193.50,เล่นเกม,0.1193181818,0.06,8.380952381
59,https://www.youtube.com/watch?v=v7lv7NmPzAY,ปิดจบ ซอมบี้ที่รัก |【Night of the dead 】(EP.4 END),92,20,2,2025-10-10,2:42:55,162.92,เล่นเกม,0.2391304348,0.05,4.6
60,https://www.youtube.com/watch?v=InfAwIKxMD0,รีสอร์ทฉุกเฉิน |  [เล่าเรื่องผี EP.24],108,20,2,2025-10-10,1:22:42,82.70,เล่าเรื่องผี,0.2037037037,0.03,5.4
61,https://www.youtube.com/watch?v=DuKW1wFH4Jk,ขอส่งเธอ จนสุดทาง |【The Calisto protocol】EP.4 END,759,36,3,2025-10-04,2:31:00,151.00,เล่นเกม,0.05138339921,0.05,21.08333333
62,https://www.youtube.com/watch?v=k5JbuEDUQSw,จุดจบ ที่เลือกไม่ได้ |【Silent hill f】EP.5 END,363,34,0,2025-10-03,3:19:13,199.22,เล่นเกม,0.09366391185,0.06,10.67647059
63,https://www.youtube.com/watch?v=DImIRtpKhYg,พิธีกรรม แลกแขน |【Silent hill f】EP.4,136,28,2,2025-10-02,2:39:30,159.50,เล่นเกม,0.2205882353,0.05,4.857142857
64,https://www.youtube.com/watch?v=XhyJ2mrnGTE,ใครดีใครร้าย ไม่ทราบได้ |【Silent hill f】EP.3,343,33,0,2025-09-27,2:40:22,160.37,เล่นเกม,0.09620991254,0.05,10.39393939
65,https://www.youtube.com/watch?v=soxf88txH2w,คนไม่เกี่ยว ก็จะเกี่ยวให้ได้ |【Silent hill f】EP.2,349,32,1,2025-09-26,3:10:27,190.45,เล่นเกม,0.09455587393,0.06,10.90625
66,https://www.youtube.com/watch?v=Aq9Rorqm6g0,เมืองผีห่าน พาชิบหาญย์ |【Silent hill f】EP.1,463,49,1,2025-09-25,2:26:14,146.23,เล่นเกม,0.1079913607,0.05,9.448979592
67,https://www.youtube.com/watch?v=0kEvwPkW_AI,ทำหน้าเหมือนคิดได้ |【The Calisto protocol】EP.3,216,28,2,2025-09-20,2:37:01,157.02,เล่นเกม,0.1388888889,0.05,7.714285714
68,https://www.youtube.com/watch?v=kSO8hDxsjHA,วันๆ ของการเม้ามอย,271,34,0,2025-09-20,1:57:49,117.82,ฟรีทอร์ก,0.1254612546,0.04,7.970588235
69,https://www.youtube.com/watch?v=uGcAIAXB0Hk,Dating Of Necromancer【Original song &amp; Lyrics - English edition -】,566,35,8,2025-09-14,0:02:51,2.85,ร้องเพลง,0.07597173145,0,16.17142857
70,https://www.youtube.com/watch?v=x9jzCSkGEEw,คนป่วย มาคุยเรื่องนิยาย Secret garden,335,22,1,2025-09-13,1:35:33,95.55,แต่งนิยาย,0.06865671642,0.03,15.22727273
71,https://www.youtube.com/watch?v=PK_rGuerIGI,Dating Of Necromancer 【Original song &amp; Lyrics - ฉบับไทยปรับปรุง -】,579,26,8,2025-09-12,0:02:48,2.80,ร้องเพลง,0.05872193437,0,22.26923077
72,https://www.youtube.com/watch?v=gMaRv5a93A0,วันที่พูดน้อยที่สุด,551,29,2,2025-09-06,1:28:14,88.23,ฟรีทอร์ก,0.05626134301,0.03,19
73,https://www.youtube.com/watch?v=Tn1CBgA_9Rg,การเผชิญหน้า! #vtuber #shorts,1857,130,13,2025-09-02,0:00:20,0.33,Shots,0.07700592353,0,14.28461538
74,https://www.youtube.com/watch?v=6oiTo46lT1c,จับอะไร ให้ใช้อันนั้น  |【Neon Abyss 1】EP.2,111,21,2,2025-08-31,2:45:56,165.93,เล่นเกม,0.2072072072,0.05,5.285714286
75,https://www.youtube.com/watch?v=OFngQz0FzEM,จุดจบ เพียงแค่เริ่มต้น  |【Atomic heart】EP.5 END,174,23,1,2025-08-30,2:35:23,155.38,เล่นเกม,0.1379310345,0.05,7.565217391
76,https://www.youtube.com/watch?v=hxI4mLBHQ4I,ใต้วงแขน แสนกินใจ #vtuber #shorts,419,56,9,2025-08-29,0:00:12,0.20,Shots,0.1551312649,0,7.482142857
77,https://www.youtube.com/watch?v=MMWinQS_Ajk,เหล่ายีนผู้พิทักษ์ !  #vtuber #shorts #anime #fyp #shortvideo #cute #feedshorts #short #shortsfeed,3091,100,11,2025-08-27,0:00:07,0.12,Shots,0.03591070851,0,30.91
78,https://www.youtube.com/watch?v=Zt6-_Sq7XUI,เลิฟยู ~~ #vtuber #shorts,382,62,8,2025-08-25,0:00:15,0.25,Shots,0.1832460733,0,6.161290323
79,https://www.youtube.com/watch?v=KuyaYemWQQE,MYSTERY LIVE EP.2,190,28,2,2025-08-24,2:13:21,133.35,เล่าเรื่องผี,0.1578947368,0.04,6.785714286
80,https://www.youtube.com/watch?v=3teqaI4RNbY,ยืดหดได้ เหมือนใจคน  |【Atomic heart】EP.4,96,18,2,2025-08-23,2:42:36,162.60,เล่นเกม,0.2083333333,0.05,5.333333333
81,https://www.youtube.com/watch?v=edEEFPFHtl4,ชีวิตที่แสนอิ่ม ข้างริมตลิ่ง |【Night of the dead 】(EP.3),349,33,0,2025-08-22,3:12:17,192.28,เล่นเกม,0.09455587393,0.06,10.57575758
82,https://www.youtube.com/watch?v=3Z2b86PaO9M,ลูกนิมิตร พาเพลิน  |【Atomic heart】EP.3,99,24,1,2025-08-16,2:58:19,178.32,เล่นเกม,0.2525252525,0.06,4.125
83,https://www.youtube.com/watch?v=krXApKQCzuY,พูดคุย ชิลๆ,135,21,1,2025-08-16,1:16:16,76.27,ฟรีทอร์ก,0.162962963,0.02,6.428571429
84,https://www.youtube.com/watch?v=p5wO3SlyX0M,หว่อ อ้าย หนี่~~ #vtuber #shorts #anime #fyp #shortvideo #cute #feedshorts #short #shortsfeed,2474,154,17,2025-08-11,0:00:18,0.30,Shots,0.06911883589,0,16.06493506
85,https://www.youtube.com/watch?v=h4Yz-Mdr818,โล้นแล้วไง บวกแล้วกัน  |【The Calisto protocol】EP.2,129,26,2,2025-08-10,2:00:28,120.47,เล่นเกม,0.2170542636,0.04,4.961538462
86,https://www.youtube.com/watch?v=AcTci15KFhE,การทดลองบ้าบิ่น  |【Atomic heart】EP.2,139,30,1,2025-08-09,3:02:45,182.75,เล่นเกม,0.2230215827,0.06,4.633333333
87,https://www.youtube.com/watch?v=2SivUEeQjmM,เป็นการเอาตัวรอดที่อิ่มมาก |【Night of the dead 】(EP.2),161,33,2,2025-08-08,3:58:30,238.50,เล่นเกม,0.2173913043,0.07,4.878787879
88,https://www.youtube.com/watch?v=81-AGZSztag,Marine Chariot - Dating Of Necromancer 【Original song &amp; Lyrics】,372,34,10,2025-08-05,0:02:56,2.93,ร้องเพลง,0.1182795699,0,10.94117647
89,https://www.youtube.com/watch?v=ae5zXGhtvbU,ยุคสมัยแห่งหุ่น  |【Atomic heart】EP.1,307,43,2,2025-08-02,3:32:23,212.38,เล่นเกม,0.1465798046,0.07,7.139534884
90,https://www.youtube.com/watch?v=SdvKGEyz4RY,งานพาร์ทไทม์ ที่ร้านสะดวกซื้อ |  [เล่าเรื่องผี EP.23],141,24,2,2025-08-02,1:36:05,96.08,เล่าเรื่องผี,0.1843971631,0.03,5.875
91,https://www.youtube.com/watch?v=pzELD4lBUiY,วิธีที่ยูทูปใช้อัลกอริทึ่ม #vtuber #shorts #anime,414,45,6,2025-07-31,0:00:09,0.15,Shots,0.1231884058,0,9.2
92,https://www.youtube.com/watch?v=DERh8zqlrA4,วันๆของคุณหนู ก็แบบนี้ล่ะ~~ #vtuber #shorts #fyp #anime #trending #trendingshorts #dance,487,77,7,2025-07-29,0:00:10,0.17,Shots,0.1724845996,0,6.324675325
93,https://www.youtube.com/watch?v=Whsh1NYdwfw,Marine Chariot - Blue Butterfly Whisper 【Original song &amp; Lyrics】,449,39,12,2025-07-28,0:03:26,3.43,ร้องเพลง,0.1135857461,0,11.51282051
94,https://www.youtube.com/watch?v=3UFPE5IIdpQ,หวนคืนสู่ ความวินาศ  |【The Calisto protocol】EP.1,344,56,2,2025-07-27,2:17:00,137.00,เล่นเกม,0.1686046512,0.04,6.142857143
95,https://www.youtube.com/watch?v=N4iVMqw1Fq0,The beginning of Rip and tear [ DOOM : The Dark Ages ] (EP.7 END),209,27,0,2025-07-26,2:11:05,131.08,เล่นเกม,0.1291866029,0.04,7.740740741
96,https://www.youtube.com/watch?v=V2scb3RTNOk,ดื่มน้ำอะไร ? #vtuber #shorts,315,34,8,2025-07-26,0:00:36,0.60,Shots,0.1333333333,0,9.264705882
97,https://www.youtube.com/watch?v=1Pa7dM_nvr8,อัพเดทเนื้อหา Content ใหม่ๆ ที่กำลังจะมา!,200,42,1,2025-07-26,1:13:36,73.60,รีวิว/สาระ,0.215,0.02,4.761904762
98,https://www.youtube.com/watch?v=OLTehMUI9GU,อีโมชั่ลลล ~~ #vtuber #shorts,2597,181,9,2025-07-25,0:00:16,0.27,Shots,0.07316134001,0,14.3480663
99,https://www.youtube.com/watch?v=pgeQ7U_ltS0,ปากใหม่สวยใสกิ๊ง ~~ #vtuber #shorts,2048,96,14,2025-07-24,0:00:09,0.15,Shots,0.0537109375,0,21.33333333
100,https://www.youtube.com/watch?v=DW3k5AJw6a0,คู่มือการเป็นคุณหนู 2.0 ~ #vtuber #shorts,325,48,10,2025-07-23,0:01:21,1.35,Shots,0.1784615385,0,6.770833333
101,https://www.youtube.com/watch?v=VixW0lRow4Y,สู้กับทุกอย่าง จบที่ของกิน ~ #vtuber #shorts #youtubeshorts #fyp #trending #viral #comedy #anime,1678,191,13,2025-07-22,0:00:16,0.27,Shots,0.1215733015,0,8.785340314
102,https://www.youtube.com/watch?v=4P3KGGAdXPk,คนที่พยายามจะ อารา อาร่า ~ #vtuber #shorts #youtubeshorts #fyp #trending #viral #comedy #anime,1877,142,16,2025-07-21,0:00:30,0.50,Shots,0.084176878,0,13.21830986
103,https://www.youtube.com/watch?v=Kc6B9pc47AE,คิดถึงมาก มากจริงๆ ~ #vtuber #shorts #youtubeshorts #fyp #trending #viral #comedy #anime,2012,122,11,2025-07-20,0:00:08,0.13,Shots,0.06610337972,0,16.49180328
104,https://www.youtube.com/watch?v=YSC4m4wt9MU,ให้ผีเสื้อนำทางไป  |【Lies of P】(EP.12) END,323,34,2,2025-07-19,3:31:17,211.28,เล่นเกม,0.1114551084,0.07,9.5
105,https://www.youtube.com/watch?v=Q185eA9FnRE,เปิดตัวอลังกาล จำปุ่มไม่ได้ ~~#vtuber #shorts #youtubeshorts #fyp #trending #viral #comedy,2032,136,12,2025-07-19,0:01:08,1.13,Shots,0.07283464567,0,14.94117647
106,https://www.youtube.com/watch?v=E7xG_ImMlG0,เปิดใจคุย .. ครั้งสุดท้าย,793,74,4,2025-07-19,1:12:41,72.68,ฟรีทอร์ก,0.09836065574,0.02,10.71621622
107,https://www.youtube.com/watch?v=aA-_AicEkMQ,ฤดูร้อนนี้ เหงื่อใหลซึม .. #vtuber #shorts #youtubeshorts #fyp #เปิดการมองเห็น,473,51,8,2025-07-15,0:00:07,0.12,Shots,0.1247357294,0,9.274509804
108,https://www.youtube.com/watch?v=qj1vsG4b3jI,เต้นนนนนน ~~#vtuber #shorts #youtubeshorts #fyp #เปิดการมองเห็น,657,53,9,2025-07-14,0:00:16,0.27,Shots,0.09436834094,0,12.39622642
109,https://www.youtube.com/watch?v=ZElESk7CIAY,Squid has a heart too [ DOOM : The Dark Ages ] (EP.6),242,23,2,2025-07-12,2:05:15,125.25,เล่นเกม,0.1033057851,0.04,10.52173913
110,https://www.youtube.com/watch?v=tG6_rhGp3S0,เก็บตกแลบลิ้น ถือลูกซองยิงผี! 【Freetalk &amp; Games】,177,27,4,2025-07-12,1:25:00,85.00,เล่นเกม,0.1751412429,0.03,6.555555556
111,https://www.youtube.com/watch?v=yIiW5qLiPaY,ฮันนี่~ พายยย~~~ ..#vtuber #vtuberclips #shorts #youtubeshorts #fyp #trending #viral #comedy,2461,180,8,2025-07-12,0:00:17,0.28,Shots,0.07639171069,0,13.67222222
112,https://www.youtube.com/watch?v=k5fu9vxckGk,นี่จริงจังกันหน่อย! ..#vtuber #vtuberclips #shorts #youtubeshorts #fyp #trending #viral #comedy,2863,177,9,2025-07-11,0:00:06,0.10,Shots,0.06496681802,0,16.17514124
113,https://www.youtube.com/watch?v=rfChh86hIfY,ยีนวิ๊งงง~~ ..#vtuber #shorts #youtubeshorts #fyp #trending #viral #comedy,2440,130,4,2025-07-10,0:00:05,0.08,Shots,0.05491803279,0,18.76923077
114,https://www.youtube.com/watch?v=DMVPLAkkJQ0,วิ๊งรับยามเช้า! ..#vtuber #shorts #個人vtuber #新人vtuber #vtuber準備中 #eyeloop #anime #youtubeshorts #fyp,2483,113,8,2025-07-09,0:00:05,0.08,Shots,0.04873137334,0,21.97345133
115,https://www.youtube.com/watch?v=0Q0FeJg2h8k,เย็นนี้กินอะไรดี ? ทารันทูล่ามั้ย !! .. #vtuber #shorts,3226,158,14,2025-07-08,0:00:06,0.10,Shots,0.05331680099,0,20.41772152
116,https://www.youtube.com/watch?v=jE1ojS2MgaE,Dating Of Necromancer : วันเดทกับคุณหนูลุคใหม่ [V2.0 &amp; New Outfit Arrival],1827,585,3,2025-07-08,1:10:29,70.48,ประกาศ/อีเวนต์,0.3218390805,0.02,3.123076923
117,https://www.youtube.com/watch?v=Cwkt5Ks2cL0,เช้านี้ ยังอีกยาวไกล .. #vtuber #shorts,2367,70,6,2025-07-08,0:00:20,0.33,Shots,0.03210815378,0,33.81428571
118,https://www.youtube.com/watch?v=AbgsWLytH-8,ไลค์ อะ ยีน .. #vtuber #shorts,3125,164,12,2025-07-07,0:00:15,0.25,Shots,0.05632,0,19.05487805
119,https://www.youtube.com/watch?v=GymbV3HjmLo,โอฮาโย นี่ ตื่นสิ!! .. #vtuber #shorts,2590,76,6,2025-07-07,0:00:05,0.08,Shots,0.03166023166,0,34.07894737
120,https://www.youtube.com/watch?v=3wrhy0Ipu2Q,เกมที่ลุย ล้านอารมณ์ .. #vtuber #shorts,1284,66,8,2025-07-06,0:00:10,0.17,Shots,0.05763239875,0,19.45454545
121,https://www.youtube.com/watch?v=wmiyaQsNNJ0,วันอาทิตย์ เป็นยังไงกันมั่ง! .. #vtuber #shorts,954,44,7,2025-07-06,0:00:05,0.08,Shots,0.0534591195,0,21.68181818
122,https://www.youtube.com/watch?v=t746UJ0o0CQ,ชิ แบร่ๆ .. #vtuber #shorts,999,48,8,2025-07-05,0:00:07,0.12,Shots,0.05605605606,0,20.8125
123,https://www.youtube.com/watch?v=JoIKiiiw7HE,วันที่ 7 นี้วันสำคัญ เจอกันนะคะ! .. #vtuber #shorts,645,26,6,2025-07-05,0:00:21,0.35,Shots,0.0496124031,0,24.80769231
124,https://www.youtube.com/watch?v=iF7dCUItgzQ,จะเป็นอะไรดี? ก็เป็นแล้วทุกอย่าง .. #vtuber #shorts,12441,323,8,2025-07-04,0:00:06,0.10,Shots,0.02660557833,0,38.51702786
125,https://www.youtube.com/watch?v=0Fh0xkMFx4g,zZzZz . . . #vtuber #shorts,3007,175,18,2025-07-04,0:00:06,0.10,Shots,0.06418357167,0,17.18285714
126,https://www.youtube.com/watch?v=ex3G8Q0Rvns,เลิกงาน ต้องกลับบ้านไวๆนะ!  .. #vtuber #shorts,2613,90,6,2025-07-03,0:00:06,0.10,Shots,0.03673938002,0,29.03333333
127,https://www.youtube.com/watch?v=jrgrc6V-_N0,จะฟาดคนไม่กินข้าวเช้า!  .. #vtuber #shorts,2741,83,10,2025-07-03,0:00:06,0.10,Shots,0.03392922291,0,33.02409639
128,https://www.youtube.com/watch?v=X5BJPD9iirU,Live Schedule : Dating Of Necromancer [V2.0 &amp; New outfit has arrived],101,13,4,2025-06-30,0:00:42,0.70,ประกาศ/อีเวนต์,0.1683168317,0,7.769230769
129,https://www.youtube.com/watch?v=QiofmFwG84U,🦋 .. Emblem : Supreme Leader Secret garden ..🦋,324,17,3,2025-06-28,0:00:19,0.32,แต่งนิยาย,0.06172839506,0,19.05882353
130,https://www.youtube.com/watch?v=70kETfMCaO8,กลางคืนไม่หวั่น .. มาว่ะไปดิ |【Night of the dead 】(EP.1),221,19,1,2025-06-22,3:03:53,183.88,เล่นเกม,0.09049773756,0.06,11.63157895
131,https://www.youtube.com/watch?v=wpkjsMZY-Ms,เหล่ากระต่ายแสนน่ารัก ..  |【Lies of P】(EP.11),107,12,1,2025-06-22,1:45:14,105.23,เล่นเกม,0.1214953271,0.03,8.916666667
132,https://www.youtube.com/watch?v=ADZuBfeSXJ8,ช่วงเวลา วิกาล | ประสบการณ์น่ากลัวของคุณหนู [เล่าเรื่องผี EP.22],96,16,4,2025-06-20,2:04:36,124.60,เล่าเรื่องผี,0.2083333333,0.04,6
133,https://www.youtube.com/watch?v=80FD5-gokPA,🦋.. 07.07.2025 ..🦋,201,17,6,2025-06-16,0:00:45,0.75,ประกาศ/อีเวนต์,0.1144278607,0,11.82352941
134,https://www.youtube.com/watch?v=REkaHUECGjA,Breaking the Universe |【 DOOM: The Dark Ages 】(EP.5),111,13,1,2025-06-15,2:00:17,120.28,เล่นเกม,0.1261261261,0.04,8.538461538
135,https://www.youtube.com/watch?v=oQ_I-b6ywoU,พี่คือพี.. ชาวไร่ ไถนา  |【Lies of P】(EP.10),126,16,1,2025-06-14,2:28:31,148.52,เล่นเกม,0.1349206349,0.05,7.875
136,https://www.youtube.com/watch?v=t00d3994_bQ,เส้นทาง .. การสู้ชีวิต,99,14,2,2025-06-14,1:59:13,119.22,ฟรีทอร์ก,0.1616161616,0.04,7.071428571
137,https://www.youtube.com/watch?v=_fT3L_-QbsI,สองเรา .. วันโลกสิ้น |【Bulletstorm: Full Clip Edition】(EP.3 จบ),87,13,0,2025-06-07,2:18:23,138.38,เล่นเกม,0.1494252874,0.04,6.692307692
138,https://www.youtube.com/watch?v=TjM2qLyz31E,เข้าฤดูร้อนนี้ .. คุณหนูเหลว,131,13,1,2025-06-07,1:04:14,64.23,ฟรีทอร์ก,0.106870229,0.02,10.07692308
139,https://www.youtube.com/watch?v=ZjTtU3vIlKE,The Floating Cathedral |【 DOOM: The Dark Ages 】(EP.4),130,17,1,2025-06-03,2:35:06,155.10,เล่นเกม,0.1384615385,0.05,7.647058824
140,https://www.youtube.com/watch?v=aSkKaEyy9EE,ผีผักกระเฉด  |【Lies of P】(EP.9),100,13,1,2025-06-01,2:07:28,127.47,เล่นเกม,0.14,0.04,7.692307692
141,https://www.youtube.com/watch?v=qBgG8AYrg9Y,รวมกัน ... เราเทม คู่หูนักเลี้ยงสัตว์ ในตำนาน |【 ARK Survival Evolved: Fjordur 】(EP.4),232,15,1,2025-05-31,2:56:31,176.52,เล่นเกม,0.06896551724,0.06,15.46666667
142,https://www.youtube.com/watch?v=iC5RwG8mn_0,การทำงานล่วงเวลา | นั่งเล่าเรื่องผีกับคุณ Gosofia [เล่าเรื่องผี EP.21],77,14,1,2025-05-31,1:32:06,92.10,เล่าเรื่องผี,0.1948051948,0.03,5.5
143,https://www.youtube.com/watch?v=EAzXXfAL4uw,บัวขาวยังอาย  |【Lies of P】(EP.8),116,11,2,2025-05-26,1:51:56,111.93,เล่นเกม,0.1120689655,0.03,10.54545455
144,https://www.youtube.com/watch?v=V3afG1nJw3A,Great Shield .. Grants power! |【 DOOM: The Dark Ages 】(EP.3),156,23,3,2025-05-24,3:20:43,200.72,เล่นเกม,0.1666666667,0.06,6.782608696
145,https://www.youtube.com/watch?v=cjdayuBMmx4,สิ่งสำคัญที่โลกใบนี้ ในปัจจุบัน .. ขาดไป,117,21,1,2025-05-24,1:43:59,103.98,ฟรีทอร์ก,0.188034188,0.03,5.571428571
146,https://www.youtube.com/watch?v=52DvG3mQfWA,Spread wings..into the sky |【 DOOM: The Dark Ages 】(EP.2),193,20,2,2025-05-17,2:49:31,169.52,เล่นเกม,0.1139896373,0.05,9.65
147,https://www.youtube.com/watch?v=q5feZO3CjoI,Call me .. Ojou-Slayer |【 DOOM: The Dark Ages 】(EP.1),266,30,1,2025-05-16,2:16:17,136.28,เล่นเกม,0.1165413534,0.04,8.866666667
148,https://www.youtube.com/watch?v=bbqiXs0PNLI,ร่วมกัน...เราล่า คู่หูเซียนนักล่ามือดี |【 ARK Survival Evolved: Fjordur 】(EP.3),211,23,1,2025-05-10,3:21:46,201.77,เล่นเกม,0.1137440758,0.06,9.173913043
149,https://www.youtube.com/watch?v=RK_jLxabXyM,น้องเคยทำขายตรงมั้ย พี่เคยนะ ..,137,17,1,2025-05-10,1:28:02,88.03,ฟรีทอร์ก,0.1313868613,0.03,8.058823529
150,https://www.youtube.com/watch?v=QVO1Eh-FfM0,เพื่อนรัก vs ลูกนิมิตร  .. #vtuber #shorts,1320,34,6,2025-05-09,0:01:19,1.32,Shots,0.0303030303,0,38.82352941
151,https://www.youtube.com/watch?v=iv71Lu0so_k,ชีวิต นั้นคือชีวิต  |【Lies of P】(EP.7),89,17,2,2025-05-03,2:06:01,126.02,เล่นเกม,0.2134831461,0.04,5.235294118
152,https://www.youtube.com/watch?v=9RpkEheBaak,สไลด์มันไป  |【Bulletstorm: Full Clip Edition】(EP.2),76,10,1,2025-05-02,2:07:12,127.20,เล่นเกม,0.1447368421,0.04,7.6
153,https://www.youtube.com/watch?v=l2RUhCS1gWU,รวมกัน..เราตาย สองนักเอาตัวรอดมืออาชีพ |【 ARK Survival Evolved: Fjordur 】(EP.2),250,23,0,2025-05-01,2:47:58,167.97,เล่นเกม,0.092,0.05,10.86956522
154,https://www.youtube.com/watch?v=Er6xVyceKGk,อ๊าก! จะไหวเร้อ |【 ARK Survival Evolved: Fjordur 】(EP.1),292,25,2,2025-04-19,3:14:29,194.48,เล่นเกม,0.09246575342,0.06,11.68
155,https://www.youtube.com/watch?v=jG_KrFP4_n8,Ai กับ นักวาด / จากความรู้สึกของคุณหนู,253,28,1,2025-04-19,1:34:07,94.12,ฟรีทอร์ก,0.1146245059,0.03,9.035714286
156,https://www.youtube.com/watch?v=izpikxjmAcg,พายุกระสุน  |【Bulletstorm: Full Clip Edition】(EP.1),134,24,2,2025-04-17,1:58:11,118.18,เล่นเกม,0.1940298507,0.04,5.583333333
157,https://www.youtube.com/watch?v=tadaiuRXKBM,สรุปความหมายที่ลึกซึ้งของเกม MiSide / มิตะบ้าคลั่ง ร้ายจริงๆ หรือเปล่า ?,198,78,1,2025-04-13,1:53:42,113.70,เล่นเกม,0.398989899,0.04,2.538461538
158,https://www.youtube.com/watch?v=ImeLuopMmzI,วันนี้จะถึงมั้ย  |【Lies of P】(EP.6),90,11,1,2025-04-05,2:11:36,131.60,เล่นเกม,0.1333333333,0.04,8.181818182
159,https://www.youtube.com/watch?v=tfgiDdZPPuk,ขี้เกียจทำปกไลฟ์ห์ .. จังเลยค่ะ,100,15,0,2025-04-05,1:05:19,65.32,ฟรีทอร์ก,0.15,0.02,6.666666667
160,https://www.youtube.com/watch?v=OFz3BM_zdyg,อยู่ในใจตลอดไป |【MiSide】(EP.3 จบ),325,16,1,2025-03-30,1:44:38,104.63,เล่นเกม,0.05230769231,0.03,20.3125
161,https://www.youtube.com/watch?v=HSI8k3fhZag,เรื่องเล่าในโรงนา | เล่าเรื่องผีกับคุณ Gosofia [เล่าเรื่องผี EP.19],224,17,2,2025-03-29,1:12:50,72.83,เล่าเรื่องผี,0.08482142857,0.02,13.17647059
162,https://www.youtube.com/watch?v=qOQBduR3nEQ,เธอแตกต่าง |【MiSide】(EP.2),127,102,1,2025-03-22,2:01:22,121.37,เล่นเกม,0.811023622,0.04,1.245098039
163,https://www.youtube.com/watch?v=YrNKmFraKI4,อัพเดทอาการป่วย ของคุณหนู  |  Freetalk &amp; Chill,103,31,1,2025-03-22,1:01:18,61.30,ฟรีทอร์ก,0.3106796117,0.02,3.322580645
164,https://www.youtube.com/watch?v=9RN4ux4U_FA,ไม่อยากเจอ  |【Lies of P】(EP.5),93,16,1,2025-03-16,1:52:44,112.73,เล่นเกม,0.1827956989,0.04,5.8125
165,https://www.youtube.com/watch?v=rFBjBkXeo0I,ชีวประวัติการพบเจอกัน  |  Freetalk &amp; Chill กับ Gosofia,167,75,3,2025-03-15,1:45:02,105.03,ฟรีทอร์ก,0.4670658683,0.03,2.226666667
166,https://www.youtube.com/watch?v=oB_CIhYfifs,ฉันอยู่ข้างใน  |【MiSide】(EP.1),209,62,2,2025-03-09,1:50:05,110.08,เล่นเกม,0.3062200957,0.03,3.370967742
167,https://www.youtube.com/watch?v=4oLkR_L0GQc,ชีวิตที่แสนเรียบง่าย  |  Freetalk &amp; Chill กับ Gosofia,83,10,0,2025-03-08,1:09:34,69.57,ฟรีทอร์ก,0.1204819277,0.02,8.3
168,https://www.youtube.com/watch?v=Iy6hU5_huI8,เป็นการเอาตัวรอด ที่อิ่มมาก .. #vtuber #shorts,688,56,3,2025-03-06,0:00:43,0.72,Shots,0.08575581395,0,12.28571429
169,https://www.youtube.com/watch?v=_27o_JbGRUo,เกมหมาโกหก .. #vtuber #shorts,160,26,3,2025-03-03,0:01:30,1.50,Shots,0.18125,0,6.153846154
170,https://www.youtube.com/watch?v=cwlZjdZAnmw,ต้นไม้หลังบ้าน | เล่าเรื่องผีกับคุณ Gosofia [เล่าเรื่องผี EP.18],96,72,2,2025-03-01,1:12:48,72.80,เล่าเรื่องผี,0.7708333333,0.02,1.333333333
171,https://www.youtube.com/watch?v=gNNlqArypRE,เพลงที่คุณหนูร้อง 2  .. #vtuber #shorts,603,47,4,2025-02-27,0:01:26,1.43,Shots,0.08457711443,0,12.82978723
172,https://www.youtube.com/watch?v=iQ375VD13Ws,เพลงที่คุณหนูร้อง 1  .. #vtuber #shorts,151,30,4,2025-02-24,0:01:47,1.78,Shots,0.2251655629,0,5.033333333
173,https://www.youtube.com/watch?v=SvTjjk0grXY,ตาค้าง .. #vtuber #shorts,571,67,4,2025-02-23,0:00:45,0.75,Shots,0.1243432574,0,8.52238806
174,https://www.youtube.com/watch?v=y6Octa8bcl4,แก๊งกระต่าย กวนส้นทีน  |【Lies of P】(EP.4),93,19,1,2025-02-23,1:56:46,116.77,เล่นเกม,0.2150537634,0.04,4.894736842
175,https://www.youtube.com/watch?v=gTizDdFYIX8,รวมมิตร Shorts Greenhell เสพกันไปยาวๆ EP. 1【 Edited by Gosofia 】,121,13,6,2025-02-20,0:11:31,11.52,Shots,0.1570247934,0,9.307692308
176,https://www.youtube.com/watch?v=mr4pg5ajzpw,ยีนมาหรอย .. #vtuber #shorts,584,57,5,2025-02-17,0:00:56,0.93,Shots,0.1061643836,0,10.24561404
177,https://www.youtube.com/watch?v=_bJhcWwQkoE,ว๊อด อีส หย๋อย ? .. #vtuber #shorts,250,30,4,2025-02-16,0:01:07,1.12,Shots,0.136,0,8.333333333
178,https://www.youtube.com/watch?v=i4V2BGF0OuE,ผีห้อยหัว หยอยห้อยหมี  |【Lies of P】(EP.3),66,15,0,2025-02-15,2:07:51,127.85,เล่นเกม,0.2272727273,0.04,4.4
179,https://www.youtube.com/watch?v=rl0sedP92yM,คิดชื่อไลฟ์ไม่ออก  |  Freetalk &amp; Chill อันนี้ชิลจริงๆ,65,14,2,2025-02-15,0:59:14,59.23,ฟรีทอร์ก,0.2461538462,0.02,4.642857143
180,https://www.youtube.com/watch?v=S3n70w1x8eE,หย๋อยทั้งหมด ทั้งมวล .. #vtuber #shorts,566,48,4,2025-02-13,0:00:47,0.78,Shots,0.09187279152,0,11.79166667
181,https://www.youtube.com/watch?v=yX1V-RK2DAg,ห้อง 204 Part 1 .. #vtuber #shorts,150,19,1,2025-02-10,0:02:41,2.68,Shots,0.1333333333,0,7.894736842
182,https://www.youtube.com/watch?v=s7Q5H4Mav-M,เล่าเรื่องผี มีเสียงในไลฟ์ .. #vtuber #shorts,108,30,7,2025-02-09,0:01:05,1.08,Shots,0.3425925926,0,3.6
183,https://www.youtube.com/watch?v=S6X1aRDCVl0,ตำรวจสายฟ้าฟาด  |【Lies of P】(EP.2),60,12,1,2025-02-08,2:05:19,125.32,เล่นเกม,0.2166666667,0.04,5
184,https://www.youtube.com/watch?v=CJnKwPxOQwg,ห้อง 204 | เล่าเรื่องผีกับคุณ Gosofia [เล่าเรื่องผี EP.17],114,21,1,2025-02-08,1:45:07,105.12,เล่าเรื่องผี,0.1929824561,0.03,5.428571429
185,https://www.youtube.com/watch?v=8fiNmX_hivA,แมงป่อง RGB .. #vtuber #shorts,158,26,5,2025-02-06,0:01:02,1.03,Shots,0.1962025316,0,6.076923077
186,https://www.youtube.com/watch?v=RuA6wLKwuT8,มาเยอะไม่กลัว มันมา 3 .. #vtuber #shorts,520,38,4,2025-02-04,0:00:57,0.95,Shots,0.08076923077,0,13.68421053
187,https://www.youtube.com/watch?v=5aRpJUmr_Ss,แจ็คทั่วทุกที่ .. #vtuber #shorts,441,43,3,2025-02-02,0:01:25,1.42,Shots,0.10430839,0,10.25581395
188,https://www.youtube.com/watch?v=boFu_HL37FU,จุดเริ่มต้นแห่งความชิบหาย  |【Lies of P】(EP.1),144,24,1,2025-02-01,2:15:00,135.00,เล่นเกม,0.1736111111,0.04,6
189,https://www.youtube.com/watch?v=gXdHu4qL3SU,พักผ่อน  |  Freetalk &amp; Chill ชิลๆ ไปเรื่อย,95,16,1,2025-02-01,1:12:26,72.43,ฟรีทอร์ก,0.1789473684,0.02,5.9375
190,https://www.youtube.com/watch?v=9tZqBYFc31g,นอน vs ตื่น .. #vtuber #shorts,588,64,2,2025-01-30,0:01:17,1.28,Shots,0.112244898,0,9.1875
191,https://www.youtube.com/watch?v=ObL7PgthkRc,มันไม่น่าแตกต่างกันเท่าไหร่ .. #vtuber #shorts,752,78,7,2025-01-28,0:00:22,0.37,Shots,0.1130319149,0,9.641025641
192,https://www.youtube.com/watch?v=5X12WNPSfaw,ไม่อยากอยู่ถึงเลข 5  .. #vtuber #shorts,943,93,5,2025-01-27,0:01:00,1.00,Shots,0.1039236479,0,10.13978495
193,https://www.youtube.com/watch?v=z86gHt-yFkk,อีกคนน่ารัก อีกคนหน้าบาป  .. #vtuber #shorts,615,50,14,2025-01-26,0:01:12,1.20,Shots,0.1040650407,0,12.3
194,https://www.youtube.com/watch?v=fYAttv4koss,บุคคลที่มีความน้อยใจ  |  Freetalk &amp; Share แบ่งปันความรู้สึก,87,24,0,2025-01-25,1:06:03,66.05,ฟรีทอร์ก,0.275862069,0.02,3.625
195,https://www.youtube.com/watch?v=viGGUFn28xA,เอาเนื้อไป .. #vtuber #shorts,235,19,2,2025-01-24,0:01:15,1.25,Shots,0.08936170213,0,12.36842105
196,https://www.youtube.com/watch?v=O2y7hP3WzRw,อีกคนสร้าง อีกคนกิน .. #vtuber #shorts,211,20,2,2025-01-20,0:01:01,1.02,Shots,0.1042654028,0,10.55
197,https://www.youtube.com/watch?v=UzILJKJ6RJY,เจ้าป่า หรือจะเจอเจ้ากิน  .. #vtuber #shorts,564,45,5,2025-01-19,0:00:56,0.93,Shots,0.08865248227,0,12.53333333
198,https://www.youtube.com/watch?v=0sJ-wcxumD0,ฤดูหนาว ต้องอยู่ในห้อง  |  Co-op Time กับ Gosofia,91,19,1,2025-01-18,1:06:18,66.30,ฟรีทอร์ก,0.2197802198,0.02,4.789473684
199,https://www.youtube.com/watch?v=JkTDeY92Zv0,กล้ามเบิ้มๆ คนป่าแล้วไง .. #vtuber #shorts,636,55,2,2025-01-17,0:00:42,0.70,Shots,0.08962264151,0,11.56363636
200,https://www.youtube.com/watch?v=2TrdnZBUoGg,อะไรก็หมูเด้ง และ ET .. #vtuber #shorts,591,57,5,2025-01-13,0:01:09,1.15,Shots,0.1049069374,0,10.36842105
201,https://www.youtube.com/watch?v=2deXkWBSQdQ,ทิศเหนือคือ West .. #vtuber #shorts,718,58,4,2025-01-12,0:00:51,0.85,Shots,0.08635097493,0,12.37931034
202,https://www.youtube.com/watch?v=1C-OFWNNv0w,สวัสดี ฉัน แจ็ค ชาริออท  |【Green hell】EP.3 Co-op with Gosofia,175,36,1,2025-01-11,2:11:04,131.07,เล่นเกม,0.2114285714,0.04,4.861111111
203,https://www.youtube.com/watch?v=MOr-kRG3lTI,การขึ้นดอย ปี 62 | ประสบการณ์น่ากลัวโดยคุณหนู [เล่าเรื่องผี EP.16],441,249,0,2025-01-11,1:11:52,71.87,เล่าเรื่องผี,0.5646258503,0.02,1.771084337
204,https://www.youtube.com/watch?v=iqMomVIY3n4,หัวแมวยักษ์ ไม่ใช่อาหาร .. #vtuber #shorts,645,34,3,2025-01-09,0:00:42,0.70,Shots,0.05736434109,0,18.97058824
205,https://www.youtube.com/watch?v=6y6KXCx-C0o,โรงอาหารเก่า 2 .. #vtuber #shorts,244,30,3,2025-01-06,0:03:01,3.02,Shots,0.1352459016,0,8.133333333
206,https://www.youtube.com/watch?v=-OcSyKCZ2Ps,โรงอาหารเก่า 1 .. #vtuber #shorts,368,44,1,2025-01-05,0:02:57,2.95,Shots,0.1222826087,0,8.363636364
207,https://www.youtube.com/watch?v=mm_0gqoyNSY,สวัสดีวันปีเกิดใหม่ 2025,257,181,8,2025-01-05,1:05:52,65.87,ประกาศ/อีเวนต์,0.7354085603,0.02,1.419889503
208,https://www.youtube.com/watch?v=5OAG6Pco9CU,เรื่องเล่า 3 นาที  .. (!มีจั้มสแกร !) #vtuber #shorts,267,58,6,2025-01-02,0:02:24,2.40,Shots,0.2397003745,0,4.603448276
209,https://www.youtube.com/watch?v=xj1dbimmsJI,เจ้าถุงจอมดึง #vtuber #shorts,210,33,2,2024-12-30,0:00:53,0.88,Shots,0.1666666667,0,6.363636364
210,https://www.youtube.com/watch?v=NUOqOXhUtOw,เกิดใหม่ ทำไมไม่บอก .. #vtuber #shorts,142,17,4,2024-12-29,0:01:01,1.02,Shots,0.1478873239,0,8.352941176
211,https://www.youtube.com/watch?v=uHGDqV7hUdc,บนตักคุณหนู ก่อนสิ้นปี .. #vtuber #shorts,163,24,7,2024-12-26,0:01:01,1.02,Shots,0.1901840491,0,6.791666667
212,https://www.youtube.com/watch?v=p57bc73PiwA,【SPEACIAL LIVE】🦋 CHRISTMAS PARTY 2024  | คริสมาสต์ที่มีความสุขกับคุณหนู,234,138,2,2024-12-26,1:04:37,64.62,ประกาศ/อีเวนต์,0.5982905983,0.02,1.695652174
213,https://www.youtube.com/watch?v=BZhON-9uX6w,คนกินแอล vs คนไม่กินแอล .. #vtuber #shorts,702,57,3,2024-12-23,0:00:57,0.95,Shots,0.08547008547,0,12.31578947
214,https://www.youtube.com/watch?v=-Unbh--NSLc,Doodle : Dance trend (Marine Chariot) #vtuber #shorts,634,79,9,2024-12-22,0:01:00,1.00,Shots,0.1388012618,0,8.025316456
215,https://www.youtube.com/watch?v=rtmGzn7vYtc,สารพัด คุยไม่ยั้ง คู่หู คู่ฮา  |  Co-op Time เม้ามอยกับคุณ Gosofia,127,25,0,2024-12-22,1:41:04,101.07,ฟรีทอร์ก,0.1968503937,0.03,5.08
216,https://www.youtube.com/watch?v=A8qTjHmctj8,ฤดูหนาว ฉันมีเธออยู่  |  Chat time &amp; Chill อากาศเย็นๆ นั่งพูดคุย,99,16,1,2024-12-21,1:02:46,62.77,ฟรีทอร์ก,0.1717171717,0.02,6.1875
217,https://www.youtube.com/watch?v=XpCGTbsbmm0,ประสบการณ์ซื้อแอล 2 .. #vtuber #shorts,1363,160,4,2024-12-19,0:00:50,0.83,Shots,0.1203228173,0,8.51875
218,https://www.youtube.com/watch?v=lYEwiYHQ_eo,ประสบการณ์ซื้อแอล 1 .. #vtuber #shorts,11786,1138,7,2024-12-16,0:00:58,0.97,Shots,0.09714916002,0,10.35676626
219,https://www.youtube.com/watch?v=s744wfLuNkE,เคาะ 3 ที แวะมาทักทาย! .. #vtuber #shorts,705,60,3,2024-12-15,0:01:17,1.28,Shots,0.08936170213,0,11.75
220,https://www.youtube.com/watch?v=J1--uS4nRPo,ตั้งแคมป์ หลังเขา | เล่าเรื่องผีกับคุณ Gosofia [เล่าเรื่องผี EP.15],120,22,1,2024-12-15,1:28:15,88.25,เล่าเรื่องผี,0.1916666667,0.03,5.454545455
221,https://www.youtube.com/watch?v=THVhjZKHhDs,คุณหนูแมวรีน! .. #vtuber #shorts,562,50,6,2024-12-12,0:01:01,1.02,Shots,0.09964412811,0,11.24
222,https://www.youtube.com/watch?v=V3-fga9WEcc,มิจภาพต่างชาติ 3 .. #vtuber #shorts,708,61,6,2024-12-09,0:01:01,1.02,Shots,0.09463276836,0,11.60655738
223,https://www.youtube.com/watch?v=Hdc6QUHJRnM,มิจภาพต่างชาติ 2 .. #vtuber #shorts,726,57,0,2024-12-08,0:01:00,1.00,Shots,0.07851239669,0,12.73684211
224,https://www.youtube.com/watch?v=5UUPxbClGNs,สาระ น่ารัก  |  Freetalk &amp; Chill วันศุกร์ สุขสันต์,70,14,0,2024-12-07,1:00:09,60.15,ฟรีทอร์ก,0.2,0.02,5
225,https://www.youtube.com/watch?v=6mDhk2CczS4,To you far away. (Short Cover : by Marine Chariot) #vtuber #shorts,153,21,3,2024-12-05,0:00:33,0.55,Shots,0.1568627451,0,7.285714286
226,https://www.youtube.com/watch?v=BRcrEAqjwwY,มิจภาพต่างชาติ.. #vtuber #shorts,610,58,3,2024-12-02,0:01:00,1.00,Shots,0.1,0,10.51724138
227,https://www.youtube.com/watch?v=0hp2DcjEeac,ราตรีนี้ ยังอีกยาวไกล.. #vtuber #shorts,611,72,7,2024-12-01,0:00:58,0.97,Shots,0.1292962357,0,8.486111111
228,https://www.youtube.com/watch?v=qnDYkXRaacE,อีกคนคุย อีกคนชิล  |  Co-op Time เม้ามอยกับคุณ Gosofia,154,28,3,2024-11-30,1:30:25,90.42,ฟรีทอร์ก,0.2012987013,0.03,5.5
229,https://www.youtube.com/watch?v=rcBqIgLv4F4,เพื่อนยาก มักหายาก #vtuber #shorts,582,37,2,2024-11-28,0:00:56,0.93,Shots,0.06701030928,0,15.72972973
230,https://www.youtube.com/watch?v=x5ZrECdem3g,เครื่องซักผ้าหรรษา.. #vtuber #shorts,559,34,2,2024-11-25,0:00:43,0.72,Shots,0.06440071556,0,16.44117647
231,https://www.youtube.com/watch?v=v4SrqMQ2AmI,ไฟแดงๆ จะล่อซื้อสินะ #vtuber #shorts,602,30,3,2024-11-24,0:00:50,0.83,Shots,0.05481727575,0,20.06666667
232,https://www.youtube.com/watch?v=wa-uRPhQCog,ปากแตกต้องดูดวาสลีน #vtuber #shorts,618,50,7,2024-11-23,0:00:41,0.68,Shots,0.09223300971,0,12.36
233,https://www.youtube.com/watch?v=vI_2AtSXYtg,อ่านแชท ตอบแชท  |  Chill talk พูดคุยสบายๆ ตอบทุกเม้น,133,15,1,2024-11-23,1:04:55,64.92,ฟรีทอร์ก,0.1203007519,0.02,8.866666667
234,https://www.youtube.com/watch?v=ND61Pi4OXSw,เกมที่ไม่มีอันตรายใดๆ【 Edited by Gosofia 】,155,12,2,2024-11-21,0:09:41,9.68,ฟรีทอร์ก,0.09032258065,0,12.91666667
235,https://www.youtube.com/watch?v=a0ckBGx9Xp8,ประโยชน์ของหนังปลา #vtuber #shorts,561,33,5,2024-11-18,0:00:22,0.37,Shots,0.06773618538,0,17
236,https://www.youtube.com/watch?v=937L43gf7pY,กลางคืนต้องใช้หูดีๆ .. #vtuber #shorts,577,31,4,2024-11-17,0:00:59,0.98,Shots,0.06065857886,0,18.61290323
237,https://www.youtube.com/watch?v=N4pnPNv3nBY,โรงอาหารเก่า | ประสบการณ์โดยตรงจากคุณหนู [เล่าเรื่องผี EP.14],156,16,3,2024-11-17,1:07:21,67.35,เล่าเรื่องผี,0.1217948718,0.02,9.75
238,https://www.youtube.com/watch?v=6TxzuaGJ3-Q,เส้นทางชีวิตของคุณหนู  |  Chill talk เล่าประสบการณ์,115,21,2,2024-11-16,1:26:16,86.27,ฟรีทอร์ก,0.2,0.03,5.476190476
239,https://www.youtube.com/watch?v=HQ-ODFoQAPU,การเอาตัวรอดแบบคุณภาพ .. #vtuber #shorts,545,50,5,2024-11-14,0:01:00,1.00,Shots,0.1009174312,0,10.9
240,https://www.youtube.com/watch?v=QZTej5XWgzc,ไม่มีอะไรที่จะต้อง เสี่ยงตาย ทั้งนั้น ..  #vtuber #shorts,585,38,4,2024-11-11,0:00:31,0.52,Shots,0.07179487179,0,15.39473684
241,https://www.youtube.com/watch?v=rdseRdbZhJk,ธุรกิจทำถั่วขายคนป่า【 Edited by Gosofia 】,299,19,4,2024-11-10,0:12:33,12.55,ฟรีทอร์ก,0.07692307692,0,15.73684211
242,https://www.youtube.com/watch?v=9hiaB6pBFpQ,อะไรล่ะที่ทำให้ชิล  |  Chill talk กับคุณหนูวันศุกร์,100,29,3,2024-11-09,1:07:22,67.37,ฟรีทอร์ก,0.32,0.02,3.448275862
243,https://www.youtube.com/watch?v=zRjAbNTTOp4,คาร์โบไฮเดรต และไขมัน คือสิ่งสำคัญ 【 Edited by Gosofia 】,168,12,6,2024-11-06,0:13:13,13.22,ฟรีทอร์ก,0.1071428571,0,14
244,https://www.youtube.com/watch?v=0cbPjaTzrb4,สำรวจแมพ ตะลุยถิ่น  |【Green hell】EP.2 Co-op with Gosofia,104,18,2,2024-11-02,2:25:53,145.88,เล่นเกม,0.1923076923,0.05,5.777777778
245,https://www.youtube.com/watch?v=LAgYhuDAnts,คุณหนู.. ใจผมก็เท่านี้! [Editor by UncleKanun] #vtuber #shorts,321,42,4,2024-10-31,0:00:29,0.48,Shots,0.1433021807,0,7.642857143
246,https://www.youtube.com/watch?v=8WzhPWjkySY,HALLOWEEN Special Live!  |  รวมมิตรคอนเทนต์สุดหลอน ปล่อยผี 2024,131,30,4,2024-10-31,1:43:08,103.13,เล่าเรื่องผี,0.2595419847,0.03,4.366666667
247,https://www.youtube.com/watch?v=9gPEoaWJGo8,คุณหนูวิ่งหนีผีสะพาน 2 - เผชิญผีห้อยหัว【 Edited by Gosofia 】,96,23,2,2024-10-30,0:03:36,3.60,ฟรีทอร์ก,0.2604166667,0,4.173913043
248,https://www.youtube.com/watch?v=Nfy2JvxFhrU,Wash yeep brain #vtuber #shorts,296,40,4,2024-10-29,0:00:43,0.72,Shots,0.1486486486,0,7.4
249,https://www.youtube.com/watch?v=BeG5X-tktlA,เธอจะมีใจหรือเปล่า ... |【The Calisto protocol】EP.3,70,16,3,2024-10-27,1:07:34,67.57,เล่นเกม,0.2714285714,0.02,4.375
250,https://www.youtube.com/watch?v=TErVNO8RAwI,พูดคุยข้างกองไฟ สารพัดเนื้อหา  |  Co-op Time ไปกับคุณ Gosofia,139,20,1,2024-10-26,1:16:56,76.93,ฟรีทอร์ก,0.1510791367,0.02,6.95
251,https://www.youtube.com/watch?v=KloN9oL2WjE,สิ้นสุดความทะเยอทะยาน  |【Steelrising】(EP.8 จบ!),93,14,1,2024-10-20,1:48:00,108.00,เล่นเกม,0.1612903226,0.03,6.642857143
252,https://www.youtube.com/watch?v=VsXvnMgCans,โรงหนังเก่า | ประสบการณ์โดยตรงจากคุณหนู [เล่าเรื่องผี EP.13],130,17,1,2024-10-19,1:11:55,71.92,เล่าเรื่องผี,0.1384615385,0.02,7.647058824
253,https://www.youtube.com/watch?v=Z2h4KPmWKZ8,YEEP ~ Piii #shorts,134,26,7,2024-10-15,0:00:09,0.15,Shots,0.2462686567,0,5.153846154
254,https://www.youtube.com/watch?v=87GlIBA4QSw,จุดจบที่ใกล้เข้ามา  |【Steelrising】(EP.7),74,15,2,2024-10-12,2:00:49,120.82,เล่นเกม,0.2297297297,0.04,4.933333333
255,https://www.youtube.com/watch?v=-8TGRfaIXi4,ภายในใจ ของคุณหนู  |  Real Talk ในคืนวันศุกร์,114,18,1,2024-10-12,1:18:23,78.38,ฟรีทอร์ก,0.1666666667,0.02,6.333333333
256,https://www.youtube.com/watch?v=rMMdkQ2cJs4,เกิดชาตินี้ ในป่าเขียว  |【Green hell】Co-op with Gosofia,186,13,3,2024-10-05,2:07:38,127.63,เล่นเกม,0.08602150538,0.04,14.30769231
257,https://www.youtube.com/watch?v=Xl3Gwm58yAI,หน้ากากแตก เหมือนใจคน  |【The Calisto protocol】EP.2,81,10,1,2024-10-05,1:37:13,97.22,เล่นเกม,0.1358024691,0.03,8.1
258,https://www.youtube.com/watch?v=j54RNtKalno,บุกรุกสัมภาษณ์คุณหนู  |  Co-op Time ไปกับคุณ Gosofia และพูดคุยสนุกๆ,200,24,1,2024-09-29,1:18:03,78.05,ฟรีทอร์ก,0.125,0.02,8.333333333
259,https://www.youtube.com/watch?v=6Eh0Kxqnwkw,รับงานสำรวจที่รกร้าง | ประสบการณ์โดยตรงจากคุณหนู และเพื่อนๆ [เล่าเรื่องผี EP.12],130,16,1,2024-09-28,1:25:01,85.02,เล่าเรื่องผี,0.1307692308,0.03,8.125
260,https://www.youtube.com/watch?v=mgBzXO3GD2s,ยักษ์ช็อต ก็ไม่เท่าเงินช็อต  |【Steelrising】(EP.6),123,14,0,2024-09-21,2:08:11,128.18,เล่นเกม,0.1138211382,0.04,8.785714286
261,https://www.youtube.com/watch?v=GegBSzYzIwg,หัวข้อ คอนเทนต์ใหม่ๆ  |  Freetalk พูดคุย หัวเราะ เปิ่นๆ สไตล์คุณหนู,125,20,0,2024-09-21,1:11:36,71.60,ฟรีทอร์ก,0.16,0.02,6.25
262,https://www.youtube.com/watch?v=IIPLBp6Em9Q,นึกว่าใกล้จบ แต่เกมไม่ยอมจบ  |【Steelrising】(EP.5),87,17,1,2024-09-14,2:01:23,121.38,เล่นเกม,0.2068965517,0.04,5.117647059
263,https://www.youtube.com/watch?v=uFj9hs0ZARY,ไม่มีอะไร ก็แค่ไลฟ์ชิล  |  Freetalk Chill พูดคุยสไตล์คุณหนู,124,20,1,2024-09-14,1:00:09,60.15,ฟรีทอร์ก,0.1693548387,0.02,6.2
264,https://www.youtube.com/watch?v=WLvqB3Nzj5M,อวกาศ ไม่ใช่ทางออก  |【The Calisto protocol】EP.1,120,23,1,2024-09-07,2:19:44,139.73,เล่นเกม,0.2,0.04,5.217391304
265,https://www.youtube.com/watch?v=FIFTstE-sBc,รถโดยสาร ยามค่ำคืน | ประสบการณ์โดยตรงจากคุณหนู [เล่าเรื่องผี EP.11],137,12,2,2024-09-07,1:12:43,72.72,เล่าเรื่องผี,0.102189781,0.02,11.41666667
266,https://www.youtube.com/watch?v=8pT93SEutjA,หยุดเดี๋ยวนี้ ไม่งั้นพี่เล็ง ไม่โดน  |【Steelrising】(EP.4),88,15,0,2024-08-31,2:13:43,133.72,เล่นเกม,0.1704545455,0.04,5.866666667
267,https://www.youtube.com/watch?v=VwcxSUsogEU,วันศุกร์ที่มีคุณหนู จะอบอุ่นใจเสมอ  |  Freetalk พูดคุยหัวข้อต่างๆ,134,19,0,2024-08-31,1:04:00,64.00,ฟรีทอร์ก,0.1417910448,0.02,7.052631579
268,https://www.youtube.com/watch?v=eWKiHTjCyNQ,โอบอุ้มกาย อบอุ่นใจ  |【Steelrising】(EP.3),132,13,0,2024-08-24,2:06:17,126.28,เล่นเกม,0.09848484848,0.04,10.15384615
269,https://www.youtube.com/watch?v=tis5rPp9w9w,ไลฟ์สบายๆ แค่พูดแล้วกิน  |  Freetalk และชิลกับคุณหนูในคืนวันศุกร์,98,19,1,2024-08-24,1:01:09,61.15,ฟรีทอร์ก,0.2040816327,0.02,5.157894737
270,https://www.youtube.com/watch?v=q1yKGx9rmGI,&#39;&#39;. . . เ ร า จ ะ อ ยู่ คุ ย ด้ ว ย กั น . . .&#39;&#39;,161,40,1,2024-08-19,1:02:15,62.25,ฟรีทอร์ก,0.2546583851,0.02,4.025
271,https://www.youtube.com/watch?v=sbj2Z4v7U3c,ขึ้นรถม้า สุขกาย สุขใจ  |【Steelrising】(EP.2),108,9,3,2024-08-18,1:59:51,119.85,เล่นเกม,0.1111111111,0.04,12
272,https://www.youtube.com/watch?v=UPz7ZSr8Cdo,เสียงใคร ในคืนที่ฝนตก | ประสบการณ์โดยตรงจากคุณหนู [เล่าเรื่องผี EP.10],134,21,0,2024-08-17,1:22:42,82.70,เล่าเรื่องผี,0.1567164179,0.03,6.380952381
273,https://www.youtube.com/watch?v=WGUtSi0-iBA,เกมอะไรเอ่ย ไม่มีวันหัวร้อน? |  【Steelrising】(EP.1),130,15,1,2024-08-10,2:08:20,128.33,เล่นเกม,0.1230769231,0.04,8.666666667
274,https://www.youtube.com/watch?v=CqatlPn5czE,สิ่งที่คุณหนูไม่แนะนำให้ทำ EP.2 |  แบ่งปันและแชร์ความคิดกับคุณหนู,91,14,0,2024-08-10,1:13:44,73.73,รีวิว/สาระ,0.1538461538,0.02,6.5
275,https://www.youtube.com/watch?v=QiQuilBEs1M,ปีนไปยันสวรรค์ สุขไสวสวยเก๋  | Chained together EP.2 (จบเกม!),86,11,2,2024-08-04,1:55:46,115.77,เล่นเกม,0.1511627907,0.04,7.818181818
276,https://www.youtube.com/watch?v=ABMP8WaHQ9s,คอนโดราคาถูกชั้น 7 | ประสบการณ์โดยตรงจากคุณหนู [เล่าเรื่องผี EP.9],99,16,0,2024-08-03,1:07:30,67.50,เล่าเรื่องผี,0.1616161616,0.02,6.1875
277,https://www.youtube.com/watch?v=xKLo4xoNCzA,เนื้อหาเกี่ยวกับ การพักผ่อนสบายๆ สไตล์คุณหนู,105,14,2,2024-07-27,2:02:40,122.67,ฟรีทอร์ก,0.1523809524,0.04,7.5
278,https://www.youtube.com/watch?v=58lsODYpjcg,จัดอันดับอาหารไทยรสเลิศในใจฉัน | Tier List Thai Food EP.2,108,18,0,2024-07-20,1:10:41,70.68,รีวิว/สาระ,0.1666666667,0.02,6
279,https://www.youtube.com/watch?v=y6jcNQ1doRA,เกมที่เกี่ยวกับโซ่ แต่ไม่ได้ใช้ล่าม  | Chained together EP.1 (จะต่อมั้ง),184,32,2,2024-07-14,1:17:40,77.67,เล่นเกม,0.1847826087,0.02,5.75
280,https://www.youtube.com/watch?v=TsCnBywxEmY,อาหารไทยจานโปรดที่สุดของฉัน | Tier List Thai Food,116,24,0,2024-07-13,1:06:00,66.00,รีวิว/สาระ,0.2068965517,0.02,4.833333333
281,https://www.youtube.com/watch?v=2ySIUGF1Mm4,ความพ่ายแพ้ต่อค่านิยม | Freetalk ได้ทุกเรื่อง,129,24,3,2024-07-06,1:03:54,63.90,ฟรีทอร์ก,0.2093023256,0.02,5.375
282,https://www.youtube.com/watch?v=3Pbj7rFzN7o,ผีที่แสนห่วงหา อาลัย EP.4【The Bridge Curse 2: The Extrication】,114,16,1,2024-06-30,1:27:29,87.48,เล่นเกม,0.149122807,0.03,7.125
283,https://www.youtube.com/watch?v=Zl0367PEGGw,ใครอยู่ที่ระเบียง ? | ประสบการณ์โดยตรงจากคุณหนู [เล่าเรื่องผี EP.8],265,15,2,2024-06-29,1:00:07,60.12,เล่าเรื่องผี,0.0641509434,0.02,17.66666667
284,https://www.youtube.com/watch?v=AG9En-vRCcg,【Short Live】คุณหนูมารีนกับไลฟ์แนวตรง #shorts,124,24,4,2024-06-22,1:03:53,63.88,Shots,0.2258064516,0.02,5.166666667
285,https://www.youtube.com/watch?v=kk3swf-bbxg,ผีมันอยู่ใต้ดิน ยิ่งลงไปยิ่งลึกลับ EP.3【The Bridge Curse 2: The Extrication】,103,13,0,2024-06-16,1:49:36,109.60,เล่นเกม,0.1262135922,0.03,7.923076923
286,https://www.youtube.com/watch?v=FiBarx6zLno,【DEBUT】Mini Marine Chariot Arrival !  ถึงตัวจะเล็กแต่ หัวก็โต,318,25,0,2024-06-15,1:03:48,63.80,ประกาศ/อีเวนต์,0.0786163522,0.02,12.72
287,https://www.youtube.com/watch?v=X9Lf6j1S5_I,ผีห้อยหัว ผีไม่มีหัว EP.2【The Bridge Curse 2: The Extrication】,93,12,1,2024-06-09,1:38:49,98.82,เล่นเกม,0.1397849462,0.03,7.75
288,https://www.youtube.com/watch?v=JfBKKGok8w4,【ฟรี】สิ่งที่คุณหนูไม่แนะนำให้ทำ | Marine Chariot [Vtuber],122,28,3,2024-06-08,1:04:43,64.72,รีวิว/สาระ,0.2540983607,0.02,4.357142857
289,https://www.youtube.com/watch?v=zmnZuxgWtzM,เด็กมัธยมที่ติดอยู่ในโรงเรียนร้าง | [เล่าเรื่องผี EP.7],392,31,0,2024-06-02,1:04:13,64.22,เล่าเรื่องผี,0.07908163265,0.02,12.64516129
290,https://www.youtube.com/watch?v=WTeWoVmh_KM,【FREETALK】คิดจะพัก คิดถึงคุณหนู,93,17,4,2024-06-01,1:00:21,60.35,ฟรีทอร์ก,0.2258064516,0.02,5.470588235
291,https://www.youtube.com/watch?v=5Kvm2dUeYpA,【FREETALK】คุณหนูมารีนจอมเล่าเรื่อง,153,29,1,2024-05-18,1:02:34,62.57,ฟรีทอร์ก,0.1960784314,0.02,5.275862069
292,https://www.youtube.com/watch?v=nUFbPyPdT5k,【Only climb : better together】ปีนทำไม ภาคต่อกับคุณหนูสายโดด,152,19,0,2024-05-04,2:04:51,124.85,เล่นเกม,0.125,0.04,8
293,https://www.youtube.com/watch?v=qlnY0LaISJg,【FREETALK】เรื่องราวของ Vtuber ที่ทุกคนอาจจะไม่เข้าใจ,166,33,0,2024-05-04,1:03:16,63.27,ฟรีทอร์ก,0.1987951807,0.02,5.03030303
294,https://www.youtube.com/watch?v=SGEBH-SBcJA,【Maid of the Dead】พิทักษ์โลกกับสาวๆ ด้วยความยุติธรรม! 4 (จบแล้ว),136,33,0,2024-04-27,2:15:42,135.70,เล่นเกม,0.2426470588,0.04,4.121212121
295,https://www.youtube.com/watch?v=5LkZ-Ypm3PM,【Review】รีวิวอนิเมะขวัญใจคุณหนูมารีน - สรุปความรู้สึกและขยายความหมาย / K-ON Anime,218,27,2,2024-04-27,1:03:25,63.42,รีวิว/สาระ,0.1330275229,0.02,8.074074074
296,https://www.youtube.com/watch?v=tdn0zWYGKFM,More Marine Please!,341,56,18,2024-04-22,0:00:48,0.80,ฟรีทอร์ก,0.2170087977,0,6.089285714
297,https://www.youtube.com/watch?v=2wqGEpEgdGo,【Announcement】เนื้อหาสำคัญ และ เป้าหมายในปีนี้ #Vtuber,157,30,2,2024-04-21,1:06:15,66.25,ประกาศ/อีเวนต์,0.2038216561,0.02,5.233333333
298,https://www.youtube.com/watch?v=TJtGU56odoE,【1st Year Anniversary】ครบรอบ 1 ปีแล้ว เป็นคุณหนูรึยัง ?,817,127,5,2024-04-16,1:09:14,69.23,ประกาศ/อีเวนต์,0.1615667075,0.02,6.433070866
299,https://www.youtube.com/watch?v=nSlO6E7XPcM,รถไฟใต้ดิน เงาปริศนาที่ยืนมอง | [เล่าเรื่องผี EP.6],381,42,1,2024-04-15,1:02:09,62.15,เล่าเรื่องผี,0.1128608924,0.02,9.071428571
300,https://www.youtube.com/watch?v=M2kaBt3B7Aw,ไคจูสายพันธุ์ใหม่ Yeenjira บุกบ้านคุณหนู #Vtuber,182,22,2,2024-04-07,1:01:03,61.05,ฟรีทอร์ก,0.1318681319,0.02,8.272727273
301,https://www.youtube.com/watch?v=deRuCgxJxrs,【Maid of the Dead】ยอมเป็นคนบาป เพื่อช่วยเหล่าเมด 3,177,36,0,2024-04-01,1:29:31,89.52,เล่นเกม,0.2033898305,0.03,4.916666667
302,https://www.youtube.com/watch?v=GKpmKB7-g7E,เมื่อคุณหนูมารีนจะมีมังงะเป็นของตัวเอง Secret garden บทที่ 1 #Vtuber,589,40,0,2024-03-31,1:02:45,62.75,แต่งนิยาย,0.06791171477,0.02,14.725
303,https://www.youtube.com/watch?v=f7V2PSTOoTY,【Honkai Star Rail 2.1】สิบโรลก็พอ! ไม่ขอมากกว่านี้  | Marine Chariot,516,22,0,2024-03-28,1:34:41,94.68,เล่นเกม,0.04263565891,0.03,23.45454545
304,https://www.youtube.com/watch?v=zHysgaZ6_tA,【HoloCure】Let&#39;s go  | Marine Chariot,399,35,3,2024-03-25,1:42:43,102.72,เล่นเกม,0.09523809524,0.03,11.4
305,https://www.youtube.com/watch?v=0sa5HO3_M7A,【Maid of the Dead】เขย่าขวดน้ำสีฟ้าพิทักษ์โลก 2,467,34,1,2024-03-09,2:00:55,120.92,เล่นเกม,0.07494646681,0.04,13.73529412
306,https://www.youtube.com/watch?v=xafekkCHfJc,ช่วงเวลาฮีลลิ่ง..พักผ่อนหย่อนใจ  🦋,216,23,1,2024-03-09,1:02:08,62.13,ฟรีทอร์ก,0.1111111111,0.02,9.391304348
307,https://www.youtube.com/watch?v=oqrLVCEEa7U,Stay with me : Short Cover By Marine Chariot (In the karaoke room) #shorts #vtuber #cover #japan,387,67,14,2024-03-05,0:00:46,0.77,Shots,0.2093023256,0,5.776119403
308,https://www.youtube.com/watch?v=dmOCSGKSFEE,You (=I) : Short Cover By Marine Chariot (In the onsen room) #shorts #vtuber #cover #japan,253,45,6,2024-03-03,0:00:32,0.53,Shots,0.2015810277,0,5.622222222
309,https://www.youtube.com/watch?v=uupOd6cQhL0,【Maid of the Dead】เหล่าเมดผู้พิทักษ์คุณหนู ! 1,562,49,0,2024-03-03,1:25:45,85.75,เล่นเกม,0.0871886121,0.03,11.46938776
310,https://www.youtube.com/watch?v=qLLQUb-U_aM,เรื่องเล่าจากประสบการณ์จริง part 2/2 #vtuber #shorts #story #เรื่องผี,325,55,5,2024-02-26,0:00:54,0.90,Shots,0.1846153846,0,5.909090909
311,https://www.youtube.com/watch?v=3NoeEGnx6Is,เรื่องเล่าจากประสบการณ์จริง part 1/2 #vtuber #shorts #story #เรื่องผี,327,55,5,2024-02-26,0:00:50,0.83,Shots,0.1834862385,0,5.945454545
312,https://www.youtube.com/watch?v=Fy9makDEETw,วาดรูปต่างๆให้ทุกคนดู ด้วยเม้าส์หนู 🦋 | Marine Chariot #vtuber,575,34,2,2024-02-26,1:23:11,83.18,วาดรูป,0.06260869565,0.03,16.91176471
313,https://www.youtube.com/watch?v=rlbDhOfrUXc,มาพูดคุยกัน .. เรื่องอะไรก็ได้  🦋,416,22,2,2024-02-25,1:01:04,61.07,ฟรีทอร์ก,0.05769230769,0.02,18.90909091
314,https://www.youtube.com/watch?v=AKflhJaXYp4,ประสบการณ์น่ากลัว | จากคุณหนูและเรื่องเล่าของเพื่อนๆ [เล่าเรื่องผี EP.4],346,35,2,2024-02-18,1:14:53,74.88,เล่าเรื่องผี,0.1069364162,0.02,9.885714286
315,https://www.youtube.com/watch?v=93RiH0so0lY,【FREETALK &amp; CHILL】🦋 ขอต้อนรับคนแข็งแรง กลับมาแล้ว! !  | Marine Chariot #Vtuber,511,26,0,2024-02-17,1:01:30,61.50,ฟรีทอร์ก,0.05088062622,0.02,19.65384615
316,https://www.youtube.com/watch?v=1yQfoDMA7-U,「YOASOBI   たぶん Tabun」Full cover by Marine Chariot,8737,207,24,2024-02-14,0:04:22,4.37,ร้องเพลง,0.02643928122,0,42.20772947
317,https://www.youtube.com/watch?v=oQDfXS3XlQo,ค น เ เ ข็ ง เ เ ก ร่ ง เ เ ว ะ ม า คุ ย . . .,548,28,0,2024-02-11,0:30:07,30.12,ฟรีทอร์ก,0.05109489051,0.01,19.57142857
318,https://www.youtube.com/watch?v=-8IQwZCoiFA,【Metal : Hellsinger】🦋 หวนคืนสู่นรก พิฆาตอสูร 2 | Marine Chariot #Vtuber,540,27,0,2024-02-04,1:07:07,67.12,เล่นเกม,0.05,0.02,20
319,https://www.youtube.com/watch?v=tdMyfTRH_Ik,【FREETALK &amp; CHILL】🦋 ถ้าวันนี้ฝันเป็นจริง .. จะเป็นยังไง  | Marine Chariot #Vtuber,641,34,1,2024-02-03,1:10:43,70.72,ฟรีทอร์ก,0.05460218409,0.02,18.85294118
320,https://www.youtube.com/watch?v=a6cNKUJsUrU,【FREETALK &amp; CHILL】🦋 ก็แค่อยากเล่าเรื่อง พูดคุยเรื่อยเปื่อย~  | Marine Chariot #Vtuber,748,45,3,2024-01-27,1:11:26,71.43,ฟรีทอร์ก,0.06417112299,0.02,16.62222222
321,https://www.youtube.com/watch?v=lnVsUUCDFps,【HOW TO &amp; CONCEPT】🦋 แนวทางการเป็น Vtuber ฉบับคุณหนูมารีน  | Marine Chariot #Vtuber,874,53,5,2024-01-21,1:40:29,100.48,รีวิว/สาระ,0.06636155606,0.03,16.49056604
322,https://www.youtube.com/watch?v=COu1YR75m8U,【FREETALK &amp; HEAL】🦋 คุณหนูขอฮีลทุกคนด้วยหัวใจที่มี  | Marine Chariot #Vtuber,481,28,4,2024-01-20,1:32:50,92.83,ฟรีทอร์ก,0.06652806653,0.03,17.17857143
323,https://www.youtube.com/watch?v=-fSXjxSj-wc,【The Bridge Curse 2: The Extrication】DEMO 🦋 ถนนสู่ทางเจอผีไม่พ้นทุกข์ | Marine Chariot #vtuber,708,25,3,2024-01-14,1:41:21,101.35,เล่นเกม,0.0395480226,0.03,28.32
324,https://www.youtube.com/watch?v=e9q9LLRtfEU,【FREETALK】🦋 สถานะการณ์สำคัญของช่องคุณหนู (ซีเรียส + จริงจัง)  | Marine Chariot #Vtuber,952,43,3,2024-01-13,1:02:29,62.48,ฟรีทอร์ก,0.04831932773,0.02,22.13953488
325,https://www.youtube.com/watch?v=XHqYY--xo-k,Chipi Chipi Chapa Chapa Dubi Dubi Daba Daba. Ft.Marine Chariot #vtuber #shorts,1050,97,5,2024-01-07,0:00:58,0.97,Shots,0.09714285714,0,10.82474227
326,https://www.youtube.com/watch?v=DsaBcr2jt4c,【Genshin impact】บท 4 ฉากที่2 - ไร้เหตุผลที่ฝนโปรยปราย 🦋 | Marine Chariot #vtuber,523,37,2,2024-01-07,1:36:40,96.67,เล่นเกม,0.07456978967,0.03,14.13513514
327,https://www.youtube.com/watch?v=kxYWxPuEsFk,【COUNT DOWN 2023】🦋 จากปีเก่า สู่ปีใหม่ 2024  | Marine Chariot #Vtuber #Newyear,4522,116,0,2023-12-31,2:01:48,121.80,ประกาศ/อีเวนต์,0.02565236621,0.04,38.98275862
328,https://www.youtube.com/watch?v=4rElR7AANug,【FREETALK &amp; CHILL】🦋 ร่วมขอพรสิ้นปี ให้ปีใหม่สุขสมหวัง  | Marine Chariot #Vtuber,243,22,4,2023-12-30,1:01:30,61.50,ฟรีทอร์ก,0.1069958848,0.02,11.04545455
329,https://www.youtube.com/watch?v=Xb0wqxxHLn8,เก็บตกจากคืนวันคริสมาสของคุณหนู ซานยีนแห่ง Christmas ปี 2023 #Vtuber,346,23,4,2023-12-26,0:01:25,1.42,ฟรีทอร์ก,0.07803468208,0,15.04347826
330,https://www.youtube.com/watch?v=NTaZXEDxK6M,【SPEACIAL LIVE】🦋 CHRISTMAS PARTY 2023  | Marine Chariot #Vtuber #Christmas,1318,46,2,2023-12-26,0:58:16,58.27,ประกาศ/อีเวนต์,0.03641881639,0.02,28.65217391
331,https://www.youtube.com/watch?v=m9Pkaz7DeYc,Ho ho ho ~ 🎄🦋,129,15,4,2023-12-25,0:00:04,0.07,ฟรีทอร์ก,0.1472868217,0,8.6
332,https://www.youtube.com/watch?v=iV741j65leQ,【HoloParade】🦋 ปกป้องฐานทัพ ร่วมด้วยช่วยกัน  | Marine Chariot #Vtuber,231,11,0,2023-12-24,1:14:36,74.60,เล่นเกม,0.04761904762,0.02,21
333,https://www.youtube.com/watch?v=dIGeUTviZL4,【FREETALK &amp; CHILL】🦋 1 ปีที่แล้วของคุณหนูเป็นยังไง เมื่อเทียบกับปัจจุบัน  | Marine Chariot #Vtuber,217,17,0,2023-12-23,1:00:22,60.37,ฟรีทอร์ก,0.07834101382,0.02,12.76470588
334,https://www.youtube.com/watch?v=uYbxYv3eHWI,ผีโครงกระดูก Gashadokuro และ สาวคอยาว Rokuro-kubi 【ตำนานผีญี่ปุ่น EP.3】,327,22,0,2023-12-17,1:05:44,65.73,เล่าเรื่องผี,0.06727828746,0.02,14.86363636
335,https://www.youtube.com/watch?v=qp8T7ZOEUo4,【FREETALK &amp; CHILL】🦋 ความสำเร็จของฉันในปี 2023  | Marine Chariot #Vtuber,268,20,2,2023-12-16,1:18:09,78.15,ฟรีทอร์ก,0.08208955224,0.02,13.4
336,https://www.youtube.com/watch?v=a5CmMKXQNLs,【#Genshinimpact】Lies Cast Shadows Under Gathered Lights- เงาใต้แสงสาดส่อง 🦋 | Marine Chariot #Vtuber,321,23,0,2023-12-11,2:26:03,146.05,เล่นเกม,0.07165109034,0.05,13.95652174
337,https://www.youtube.com/watch?v=aYcK5YWkqoM,【#Genshinimpact】Soloist&#39;s prologue - บทนำแห่งน้ำค้างขาวและคลื่นดำ (ต่อ) 🦋 | Marine Chariot #Vtuber,302,23,0,2023-12-10,2:18:32,138.53,เล่นเกม,0.0761589404,0.04,13.13043478
338,https://www.youtube.com/watch?v=2A3qVhWi-Ho,【FREETALK &amp; CHILL】🦋 นั่งเม้าพูดคุยเกี่ยวกับวันคริสมาส  | Marine Chariot #Vtuber,139,9,0,2023-12-09,1:00:22,60.37,ฟรีทอร์ก,0.06474820144,0.02,15.44444444
339,https://www.youtube.com/watch?v=vBWlFNZZMUs,【Green hell】🦋 บุกป่าฝ่าดง เอาชีวิตรอดในนรกสีเขียว! | Marine Chariot #Vtuber,305,21,0,2023-12-03,2:02:55,122.92,เล่นเกม,0.06885245902,0.04,14.52380952
340,https://www.youtube.com/watch?v=poC6Ky4FuQ0,【Genshin impact】Soloist&#39;s prologue - บทนำแห่งน้ำค้างขาวและคลื่นดำ 🦋 | Marine Chariot #Vtuber,297,13,0,2023-12-02,2:18:30,138.50,เล่นเกม,0.04377104377,0.04,22.84615385
341,https://www.youtube.com/watch?v=kAJh73KCfdU,【COME BACK】🦋 กลับมาแย้ว สู่บ้านเฮาาา  | Marine Chariot #Vtuber,433,34,0,2023-12-02,1:01:48,61.80,ประกาศ/อีเวนต์,0.07852193995,0.02,12.73529412
342,https://www.youtube.com/watch?v=RoeUz4Itekk,【Genshin Impact】🦋 กาชา 4.2 วิ่งเล่น + เนื้อเรื่อง (เก่า) ดองมาเป็นปี | Marine Chariot #Vtuber,237,14,2,2023-11-11,2:12:18,132.30,เล่นเกม,0.06751054852,0.04,16.92857143
343,https://www.youtube.com/watch?v=AkXDyu-Mg_E,【SPEACIAL LIVE】🦋 HAPPY &amp; SCARY HALLOWEEN 2023  | Marine Chariot #Vtuber #Halloween,296,21,3,2023-11-01,1:36:12,96.20,ประกาศ/อีเวนต์,0.08108108108,0.03,14.0952381
344,https://www.youtube.com/watch?v=KM8w4B_vQcg,【ENDING Halloween 2023】🦋 Marine Chariot | #vtuber #halloween,174,13,0,2023-11-01,0:01:26,1.43,ประกาศ/อีเวนต์,0.07471264368,0,13.38461538
345,https://www.youtube.com/watch?v=xuMYzDcksrM,【INTRO Halloween 2023】🦋 Marine Chariot | #vtuber #halloween,173,14,3,2023-10-31,0:03:36,3.60,ประกาศ/อีเวนต์,0.09826589595,0,12.35714286
346,https://www.youtube.com/watch?v=ur8c4E77_k4,คุณหนูมารีน กับค่ำคืนร้อนในแสนวิเศษ 🦋 | Marine Chariot [Highlight] #vtuber,308,23,10,2023-10-30,0:03:21,3.35,ฟรีทอร์ก,0.1071428571,0,13.39130435
347,https://www.youtube.com/watch?v=f0cy3wiS47c,【Metal : Hellsinger】🦋 บุกฝ่าดงนรก อสูรล่าอสูร | Marine Chariot #Vtuber,125,13,1,2023-10-29,1:04:10,64.17,เล่นเกม,0.112,0.02,9.615384615
348,https://www.youtube.com/watch?v=A-dbmIh5YlY,【FREETALK &amp; CHILL】🦋 เพราะชีวิต ขาดของเหลวไม่ได้  | Marine Chariot #Vtuber,225,15,2,2023-10-28,1:00:33,60.55,ฟรีทอร์ก,0.07555555556,0.02,15
349,https://www.youtube.com/watch?v=PIR0RzxQt8k,เมื่อคุณหนูมารีน จำชื่อยาไม่ได้ #vtuber #shorts,327,50,6,2023-10-23,0:00:42,0.70,Shots,0.1712538226,0,6.54
350,https://www.youtube.com/watch?v=nzFJvbOtKv8,【The Bridge Curse Road to Salvation】Part 4 [จบ]🦋สิ้นสุดกันที ชาตินี้ชาติไหน | Marine Chariot #vtuber,135,15,1,2023-10-22,1:05:53,65.88,เล่นเกม,0.1185185185,0.02,9
351,https://www.youtube.com/watch?v=U7ZBb433Lf8,【FREETALK &amp; CHILL】🦋 ก่อนฮาโลวีนคุณหนูทำอะไรบ้างง  | Marine Chariot #Vtuber,106,16,0,2023-10-21,1:00:46,60.77,ฟรีทอร์ก,0.1509433962,0.02,6.625
352,https://www.youtube.com/watch?v=rfgP5DrkLOs,【The Bridge Curse Road to Salvation】Part 3 🦋 ในห้องน้ำ ท่องคาถาก็ไม่ช่วย | Marine Chariot #vtuber,384,30,0,2023-10-15,2:28:43,148.72,เล่นเกม,0.078125,0.05,12.8
353,https://www.youtube.com/watch?v=X7-leXJbsLY,ผีห้องน้ำ Hanako-san และ สาวรางรถไฟ Teke-teke【ตำนานผีญี่ปุ่น EP.2】,124,19,3,2023-10-15,1:00:15,60.25,เล่าเรื่องผี,0.1774193548,0.02,6.526315789
354,https://www.youtube.com/watch?v=lmNvkZTGD28,【FREETALK &amp; CHILL】🦋 พูดคุยนั่งเล่นในห้องคุณหนู  | Marine Chariot #Vtuber,94,18,0,2023-10-14,1:02:44,62.73,ฟรีทอร์ก,0.1914893617,0.02,5.222222222
355,https://www.youtube.com/watch?v=Rno8xZsHQM0,【The Bridge Curse Road to Salvation】Part 2 🦋 หลวงพี่ไม่ช่วย หลวงปู่เผ่นหนี | Marine Chariot #vtuber,111,14,2,2023-10-07,2:06:31,126.52,เล่นเกม,0.1441441441,0.04,7.928571429
356,https://www.youtube.com/watch?v=z_hBS_ucxZE,【Ghostwire: Tokyo】Part 5 [END] 🦋 จดจำตลอดไปฉันกับเธอ~ | Marine Chariot #vtuber,62,18,1,2023-10-02,1:25:26,85.43,เล่นเกม,0.3064516129,0.03,3.444444444
357,https://www.youtube.com/watch?v=o3_w32lljCs,【FREETALK &amp; CHILL】🦋 สิ่งที่คุณหนูชอบและไม่ชอบ | Marine Chariot #Vtuber,94,19,1,2023-10-01,1:07:04,67.07,ฟรีทอร์ก,0.2127659574,0.02,4.947368421
358,https://www.youtube.com/watch?v=DyPTpmVMKSQ,【Ghostwire: Tokyo】Part 4 🦋 อยากจะแว๊น แต่ไม่ได้แว๊น~ | Marine Chariot #vtuber,78,24,1,2023-09-24,2:00:21,120.35,เล่นเกม,0.3205128205,0.04,3.25
359,https://www.youtube.com/watch?v=Az79uze1wnU,สาวปากฉีก Kuchisake Onna และ ผีเด็ก Zashiki warashi【ตำนานผีญี่ปุ่น EP.1】,270,21,1,2023-09-24,0:58:57,58.95,เล่าเรื่องผี,0.08148148148,0.02,12.85714286
360,https://www.youtube.com/watch?v=aRCrd1JGXD8,【FREETALK &amp; CHILL】🦋 ความฝัน และ เป้าหมาย ของคุณหนู | Marine Chariot #Vtuber,68,18,1,2023-09-23,1:01:49,61.82,ฟรีทอร์ก,0.2794117647,0.02,3.777777778
361,https://www.youtube.com/watch?v=Qvq82lNOf_k,【The Bridge Curse Road to Salvation】Part 1🦋 สะพานต้องสาป | Marine Chariot #vtuber,154,24,1,2023-09-17,2:03:36,123.60,เล่นเกม,0.1623376623,0.04,6.416666667
362,https://www.youtube.com/watch?v=puGf1gDYl2U,เมื่อคุณหนูกลายร่างเป็นหนูตะเภา #vtuber  #shorts,386,57,8,2023-09-17,0:00:15,0.25,Shots,0.1683937824,0,6.771929825
363,https://www.youtube.com/watch?v=56DrrRw-lmc,【READ CHAT &amp; CHILL】🦋 คุณหนูจะนั่งอ่านแชท คุยสบายๆ | Marine Chariot #Vtuber,130,18,1,2023-09-16,1:02:10,62.17,ฟรีทอร์ก,0.1461538462,0.02,7.222222222
364,https://www.youtube.com/watch?v=dBvUwiM3Cc4,【Ghostwire: Tokyo】Part 3 🦋 จู๊บเหม่งอินเจแพนนึ~ | Marine Chariot #vtuber,261,21,1,2023-09-09,2:08:26,128.43,เล่นเกม,0.08429118774,0.04,12.42857143
365,https://www.youtube.com/watch?v=-mAerdRZvu8,【FREETALK &amp; CHILL】🦋 ว่ากันเรื่อง การไม่หุบยิ้มของคุณหนู | Marine Chariot #Vtuber,112,18,0,2023-09-09,1:01:35,61.58,ฟรีทอร์ก,0.1607142857,0.02,6.222222222
366,https://www.youtube.com/watch?v=FMQtHhRCl5w,【Ghostwire: Tokyo】Part 2 🦋 ตะลุยห่าผี สุดชีวิตเพื่อน้อง! | Marine Chariot #vtuber,78,13,0,2023-09-02,2:01:07,121.12,เล่นเกม,0.1666666667,0.04,6
367,https://www.youtube.com/watch?v=KiJCKLgHdaE,【FREETALK &amp; CHILL】🦋 พูดคุยมังงะ Prologue : To the everlasting กับคุณหนู | Marine Chariot #Vtuber,96,14,0,2023-09-02,1:00:44,60.73,แต่งนิยาย,0.1458333333,0.02,6.857142857
368,https://www.youtube.com/watch?v=w89NOFT4iEM,【Ghostwire: Tokyo】Part 1 🦋 ตะลุยเมืองซากุระ มือปราบผีจำเป็น | Marine Chariot,410,24,1,2023-08-26,3:02:24,182.40,เล่นเกม,0.06097560976,0.06,17.08333333
369,https://www.youtube.com/watch?v=EFqMrvqrFm0,【FREETALK &amp; CHILL】🦋 ชีวิตการเป็น V-artist ของคุณหนู | Marine Chariot #Vtuber,108,24,3,2023-08-26,1:05:53,65.88,ฟรีทอร์ก,0.25,0.02,4.5
370,https://www.youtube.com/watch?v=6C3RbGTnfqQ,ประสบการณ์โดยตรงจากคุณหนู [เล่าเรื่องผี EP.3],114,21,3,2023-08-21,1:08:42,68.70,เล่าเรื่องผี,0.2105263158,0.02,5.428571429
371,https://www.youtube.com/watch?v=nHD9vlfpAqk,【FREETALK &amp; CHILL】🦋 เติมไฟหน่อย อยากปิ้งย่าง | Marine Chariot #Vtuber,114,12,0,2023-08-19,1:01:21,61.35,ฟรีทอร์ก,0.1052631579,0.02,9.5
372,https://www.youtube.com/watch?v=Rt3c5bNxf9o,【State of Decay 2】🦋 บุกป่าฝ่าดง ฟาร์มแสนสุขที่ รัฐแห่งความเน่าเปื่อย 2  | Marine Chariot,226,28,0,2023-08-06,3:01:43,181.72,เล่นเกม,0.1238938053,0.06,8.071428571
373,https://www.youtube.com/watch?v=C5NXsYFFHLM,【FREETALK &amp; CHILL】🦋 เรื่อยเปื่อยกับคนหายป่วย~~ | Marine Chariot #Vtuber,729,40,1,2023-08-05,1:01:15,61.25,ฟรีทอร์ก,0.05624142661,0.02,18.225
374,https://www.youtube.com/watch?v=LZLuTX-hxKc,【State of Decay 2】🦋 ตะลุยซอมบี้ รัฐแห่งความเน่าเปื่อย 2  | Marine Chariot,1148,39,1,2023-07-29,2:12:37,132.62,เล่นเกม,0.03484320557,0.04,29.43589744
375,https://www.youtube.com/watch?v=pe0atGqm3YI,【FREETALK &amp; CHILL】🦋 นั่งพูดคุยชิลๆ กับคนป่วย | Marine Chariot #Vtuber,138,15,0,2023-07-28,0:42:34,42.57,ฟรีทอร์ก,0.1086956522,0.01,9.2
376,https://www.youtube.com/watch?v=4Z8tax95vN8,【Lies of P】🦋 พีโกหกว่าเกมไม่หัวร้อน~ DEMO | Marine Chariot #vtuber,96,10,0,2023-07-08,2:12:45,132.75,เล่นเกม,0.1041666667,0.04,9.6
377,https://www.youtube.com/watch?v=_TyNxODqprA,【FREETALK】🦋 ทำวีเหนื่อยใจ หาวิธีฮีลลิ่งตัวเองกับคุณหนู | Marine Chariot,218,18,0,2023-07-01,1:13:08,73.13,ฟรีทอร์ก,0.08256880734,0.02,12.11111111
378,https://www.youtube.com/watch?v=tthRoIrEXSU,【Windbound】🦋ลุยตัวแลบลิ้น วาร์ปไปวาร์ปมา~กับคุณหนู  | Marine Chariot,53,17,1,2023-06-24,2:13:09,133.15,เล่นเกม,0.3396226415,0.04,3.117647059
379,https://www.youtube.com/watch?v=5X0dJAJXMkc,【FREETALK &amp; CHILL】🦋 ในคืนที่เก้าอี้คุณหนูหายไป | Marine Chariot,37,6,0,2023-06-22,1:02:47,62.78,ฟรีทอร์ก,0.1621621622,0.02,6.166666667
380,https://www.youtube.com/watch?v=N0qOLLOnbHA,ประสบการณ์โดยตรงจากคุณหนู &amp; ทางบ้าน [เล่าเรื่องผี EP.1],211,20,2,2023-06-19,1:00:21,60.35,เล่าเรื่องผี,0.1042654028,0.02,10.55
381,https://www.youtube.com/watch?v=m2N25eY4wG4,【Windbound】🦋โผล่เกาะลึกลับใหม่ไปกับคุณหนู   | Marine Chariot #Vtuber,56,14,0,2023-06-17,3:21:56,201.93,เล่นเกม,0.25,0.06,4
382,https://www.youtube.com/watch?v=6pDOIFGZyNY,【FREETALK &amp; CHILL】🦋 อาทิตย์นี้วันอังคารกับคุณหนู | Marine Chariot  #Vtuber,60,14,0,2023-06-14,1:04:53,64.88,ฟรีทอร์ก,0.2333333333,0.02,4.285714286
383,https://www.youtube.com/watch?v=4XzkL14yIy4,【Windbound】🦋ผจญภัยเกาะลึกลับไปกับคุณหนู  | Marine Chariot #Vtuber,58,10,0,2023-06-10,3:29:34,209.57,เล่นเกม,0.1724137931,0.07,5.8
384,https://www.youtube.com/watch?v=qJDmCHZAOoQ,【FREETALK &amp; CHILL】🦋ตั้งวันศุกร์เป็นวัน Necromancer | Marine Chariot  #Vtuber,64,17,0,2023-06-10,1:01:29,61.48,ฟรีทอร์ก,0.265625,0.02,3.764705882
385,https://www.youtube.com/watch?v=A42l5qapzF8,【FREETALK &amp; CHILL】🦋 คุณหนูม้าน้ำขึ้นบก | Marine Chariot  #Vtuber,84,14,0,2023-06-06,1:33:50,93.83,ฟรีทอร์ก,0.1666666667,0.03,6
386,https://www.youtube.com/watch?v=gU8Qmoj0OUA,【Inside the Backrooms】🦋 ทะลุมิติประหลาดไปกับคุณหนู  | Marine Chariot  #Vtuber,154,18,0,2023-06-04,1:23:32,83.53,เล่นเกม,0.1168831169,0.03,8.555555556
387,https://www.youtube.com/watch?v=VWGClaTaZ_Y,【FREETALK &amp; CHILL】🦋 คืนวันศุกร์แวะมาเม้า - พักผ่อนกับคุณหนู | Marine Chariot  #Vtuber,148,20,1,2023-06-03,1:01:06,61.10,ฟรีทอร์ก,0.1418918919,0.02,7.4
388,https://www.youtube.com/watch?v=R4UnuIePVAs,【Speed painting】🦋 Tokoyami towa - Bunny (Time-lapse) | Marine Chariot #vtuber #drawing,429,18,2,2023-05-27,0:03:34,3.57,วาดรูป,0.04662004662,0,23.83333333
389,https://www.youtube.com/watch?v=X30iQ-IecL4,【Drawing】🦋 ลงสี Towa-san &amp; พูดคุยสบายๆกับคุณหนู #3 | Marine Chariot  #Vtuber #Drawing,254,27,2,2023-05-21,2:03:45,123.75,วาดรูป,0.1141732283,0.04,9.407407407
390,https://www.youtube.com/watch?v=bzUAt4OPnyM,【FREETALK &amp; CHILL】🦋 คืนวันศุกร์ สุดแสนชิลกับคุณหนู | Marine Chariot  #Vtuber,334,14,1,2023-05-20,1:02:40,62.67,ฟรีทอร์ก,0.04491017964,0.02,23.85714286
391,https://www.youtube.com/watch?v=URjC-yYhHqM,【Idol showdown】🦋 สนามมวยลุมพินี  | Marine Chariot  #Vtuber,458,18,2,2023-05-14,1:45:29,105.48,เล่นเกม,0.04366812227,0.03,25.44444444
392,https://www.youtube.com/watch?v=X8x5vhP-KTQ,【FREETALK &amp; CHILL】🦋 พักผ่อนสบายๆ หลังเลิกงานกับคุณหนู | Marine Chariot  #Vtuber,287,18,0,2023-05-12,1:02:02,62.03,ฟรีทอร์ก,0.06271777003,0.02,15.94444444
393,https://www.youtube.com/watch?v=lKOgs7-HULs,【Drawing】🦋 วาดรูป Towa-san &amp; แชร์เทคนิคในแบบของคุณหนู #2 | Marine Chariot  #Vtuber #Drawing,423,20,3,2023-05-06,2:09:03,129.05,วาดรูป,0.05437352246,0.04,21.15
394,https://www.youtube.com/watch?v=02LMl_zjSjI,【hololiveERROR】🦋 Necromancer ที่ไหนกลัวผี | Marine Chariot [Highlight] #Vtuber,1382,43,6,2023-05-04,0:03:31,3.52,ฟรีทอร์ก,0.03545586107,0,32.13953488
395,https://www.youtube.com/watch?v=3yv58-mYJ18,【FREETALK &amp; CHILL】🦋 วันหยุดพักของคุณหนู | Marine Chariot  #Vtuber,860,24,1,2023-05-01,1:01:51,61.85,ฟรีทอร์ก,0.02906976744,0.02,35.83333333
396,https://www.youtube.com/watch?v=nMJIi3U8ujg,【Drawing】🦋 วาดรูป Towa-san &amp; แชร์เทคนิคในแบบของคุณหนู #1 | Marine Chariot  #Vtuber #Drawing,558,30,1,2023-04-29,2:18:14,138.23,วาดรูป,0.05555555556,0.04,18.6
397,https://www.youtube.com/watch?v=0GFNP7U7iDA,【hololiveERROR】🦋 สำรวจโรงเรียน เล่าเรื่องสยองกับคุณหนู  | Marine Chariot  #Vtuber,987,21,2,2023-04-24,1:13:40,73.67,ฟรีทอร์ก,0.0233029382,0.02,47
398,https://www.youtube.com/watch?v=J2L_rwMvYJk,【FREETALK &amp; CHILL】🦋 นั่งทำงานกับคุณหนู | Marine Chariot  #Vtuber,718,34,4,2023-04-21,2:00:43,120.72,ฟรีทอร์ก,0.05292479109,0.04,21.11764706
399,https://www.youtube.com/watch?v=aY3kEPTf_Ug,【FREETALK】🦋 ดื่มน้ำชาพูดคุยหลัง Debut กับคุณหนู | Marine Chariot  #Vtuber,1331,35,4,2023-04-16,1:02:45,62.75,ฟรีทอร์ก,0.02930127724,0.02,38.02857143
400,https://www.youtube.com/watch?v=kq6z98TDZYs,【DEBUT STREAM】🦋 Marine Ojou-sama Arrival !  -  Vtuber คุณหนูเนโครแมนเซอร์ #Vtuber,2033,91,14,2023-04-15,1:02:59,62.98,ประกาศ/อีเวนต์,0.05164781112,0.02,22.34065934
401,https://www.youtube.com/watch?v=z17NgqFy8JA,PV Teaser : Marine Chariot &#39;&#39;Time to give your soul to me&#39;&#39; [4K 60FPS] #vtuber #virtualyoutuber,1910,45,8,2023-04-05,0:01:01,1.02,Content Talk,0.0277486911,0,42.44444444